<?xml version="1.0" encoding="utf-8"?>
<COLLADA xmlns="http://www.collada.org/2005/11/COLLADASchema" version="1.4.1" xmlns:xsi="http://www.w3.org/2001/XMLSchema-instance">
  <asset>
    <contributor>
      <author>Blender User</author>
      <authoring_tool>Blender 3.2.2 commit date:2022-08-02, commit time:18:15, hash:bcfdb14560e7</authoring_tool>
    </contributor>
    <created>2022-10-30T01:00:47</created>
    <modified>2022-10-30T01:00:47</modified>
    <unit name="meter" meter="1"/>
    <up_axis>Z_UP</up_axis>
  </asset>
  <library_effects>
    <effect id="Material_001-effect">
      <profile_COMMON>
        <newparam sid="Diffuse_png-surface">
          <surface type="2D">
            <init_from>Diffuse_png</init_from>
          </surface>
        </newparam>
        <newparam sid="Diffuse_png-sampler">
          <sampler2D>
            <source>Diffuse_png-surface</source>
          </sampler2D>
        </newparam>
        <technique sid="common">
          <lambert>
            <emission>
              <color sid="emission">0 0 0 1</color>
            </emission>
            <diffuse>
              <texture texture="Diffuse_png-sampler" texcoord="UVMap"/>
            </diffuse>
            <index_of_refraction>
              <float sid="ior">1.45</float>
            </index_of_refraction>
          </lambert>
        </technique>
      </profile_COMMON>
    </effect>
  </library_effects>
  <library_images>
    <image id="Diffuse_png" name="Diffuse_png">
      <init_from>Diffuse.png</init_from>
    </image>
  </library_images>
  <library_materials>
    <material id="Material_001-material" name="Material.001">
      <instance_effect url="#Material_001-effect"/>
    </material>
  </library_materials>
  <library_geometries>
    <geometry id="Cube_001_Cube_002-mesh" name="Cube.001_Cube.002">
      <mesh>
        <source id="Cube_001_Cube_002-mesh-positions">
          <float_array id="Cube_001_Cube_002-mesh-positions-array" count="2454">2.191973 -1.026214 0.560162 2.191973 -1.026214 0.585474 2.165097 -1.026121 0.585474 2.165097 -1.026121 0.560162 2.195757 0.06419599 -0.469913 2.195757 0.06419599 -0.497458 2.168882 0.06428897 -0.497458 2.168882 0.06428897 -0.469913 2.24667 -1.026404 0.560162 2.24667 -1.026404 0.585474 2.220152 -1.026312 0.585474 2.220152 -1.026312 0.560162 2.828662 -1.028424 0.560162 2.828662 -1.028424 0.585474 2.250454 0.06400597 -0.497458 2.223936 0.064098 -0.497458 2.224241 0.151928 -0.497458 2.250759 0.151836 -0.497458 2.832446 0.06198596 0.585474 2.832446 0.06198596 0.560162 2.832751 0.149816 0.560162 2.832751 0.149816 0.585474 2.223936 0.064098 0.560162 2.195757 0.06419599 0.560162 2.196062 0.1520259 0.560162 2.224241 0.151928 0.560162 2.195757 0.06419599 0.585475 2.168882 0.06428897 0.560162 2.168882 0.06428897 0.585475 2.834186 -1.028443 0.560162 2.834186 -1.028443 0.585474 2.828661 -1.028423 -0.469913 2.828661 -1.028423 -0.497459 2.834185 -1.028443 -0.497459 2.834185 -1.028443 -0.469913 2.191972 -1.026214 -0.497458 2.191972 -1.026214 -0.469913 2.165097 -1.02612 -0.469913 2.165097 -1.02612 -0.497458 2.24667 -1.026404 -0.497458 2.24667 -1.026404 -0.469913 2.220151 -1.026312 -0.469913 2.220151 -1.026312 -0.497458 2.196062 0.1520259 0.585475 2.122708 -0.343763 -0.334377 2.12277 -0.326015 -0.334377 2.12277 -0.326015 -0.336342 2.122708 -0.343763 -0.336342 2.250454 0.06400597 -0.469913 2.832446 0.06198596 -0.469913 2.832751 0.149816 -0.469913 2.250759 0.151836 -0.469913 2.832446 0.06198596 -0.497458 2.832751 0.149816 -0.497458 2.224241 0.151928 -0.469913 2.25076 0.151836 0.560162 2.25076 0.151836 0.585475 2.224241 0.151928 0.585475 2.196062 0.1520259 -0.497458 2.196062 0.1520259 -0.469913 2.250455 0.06400597 0.560162 2.223936 0.064098 0.585475 2.250455 0.06400597 0.585475 2.223936 0.064098 -0.469913 2.22024 -1.000791 0.585474 2.192061 -1.000693 0.585474 2.165186 -1.0006 -0.497458 2.192061 -1.000693 -0.497458 2.83797 0.06196695 -0.469913 2.83797 0.06196695 -0.497458 2.165186 -1.0006 0.585474 2.165186 -1.0006 0.560162 2.22024 -1.000791 -0.497458 2.246758 -1.000883 -0.497458 2.82875 -1.002903 0.585474 2.246759 -1.000883 0.585474 2.165186 -1.0006 -0.469913 2.82875 -1.002903 -0.497459 2.834274 -1.002922 -0.497459 2.834274 -1.002922 -0.469913 2.834274 -1.002922 0.560162 2.834274 -1.002922 0.585474 2.83797 0.06196695 0.585474 2.83797 0.06196695 0.560162 2.247682 -0.73466 -0.497458 2.248113 -0.610423 -0.497458 2.830105 -0.612443 -0.497459 2.829674 -0.73668 -0.497459 2.248175 -0.592675 -0.497458 2.830167 -0.594695 -0.497459 2.248606 -0.468438 -0.497458 2.830598 -0.470458 -0.497459 2.830598 -0.470458 0.585474 2.830167 -0.594695 0.585474 2.835691 -0.594715 0.585474 2.836122 -0.470478 0.585474 2.830106 -0.612444 0.585474 2.835629 -0.612463 0.585474 2.829674 -0.736681 0.585474 2.835198 -0.7367 0.585474 2.192985 -0.734471 0.585474 2.193417 -0.610234 0.585475 2.166541 -0.61014 0.585475 2.16611 -0.734378 0.585474 2.193478 -0.592486 0.585475 2.166603 -0.592392 0.585475 2.193909 -0.468249 0.585475 2.167034 -0.468155 0.585475 2.16611 -0.734377 -0.469913 2.166541 -0.61014 -0.469913 2.166541 -0.61014 -0.497458 2.16611 -0.734377 -0.497458 2.166602 -0.592392 -0.469913 2.166602 -0.592392 -0.497458 2.167034 -0.468155 -0.469913 2.167034 -0.468155 -0.497458 2.247683 -0.734661 0.585474 2.248114 -0.610424 0.585474 2.221596 -0.610332 0.585474 2.221164 -0.734569 0.585474 2.248176 -0.592675 0.585474 2.221657 -0.592583 0.585474 2.248607 -0.468438 0.585474 2.222088 -0.468346 0.585474 2.192985 -0.734471 -0.497458 2.193416 -0.610234 -0.497458 2.221595 -0.610331 -0.497458 2.221164 -0.734568 -0.497458 2.193478 -0.592485 -0.497458 2.221657 -0.592583 -0.497458 2.193909 -0.468248 -0.497458 2.222088 -0.468346 -0.497458 2.166541 -0.61014 0.560162 2.16611 -0.734378 0.560162 2.166603 -0.592392 0.560162 2.167034 -0.468155 0.560162 2.835629 -0.612463 -0.497459 2.835198 -0.7367 -0.497459 2.83569 -0.594714 -0.497459 2.836122 -0.470477 -0.497459 2.835198 -0.7367 0.560162 2.835629 -0.612463 0.560162 2.835691 -0.594715 0.560162 2.836122 -0.470478 0.560162 2.835629 -0.612463 -0.469913 2.835198 -0.7367 -0.469913 2.83569 -0.594714 -0.469913 2.836122 -0.470477 -0.469913 2.249038 -0.344201 -0.497458 2.831029 -0.346221 -0.497459 2.249099 -0.326453 -0.497458 2.83109 -0.328473 -0.497459 2.24953 -0.202216 -0.497458 2.831522 -0.204236 -0.497458 2.831522 -0.204236 0.585474 2.831091 -0.328473 0.585474 2.836615 -0.328492 0.585474 2.837046 -0.204255 0.585474 2.831029 -0.346221 0.585474 2.836554 -0.346241 0.585474 2.19434 -0.344012 0.585475 2.167465 -0.343918 0.585475 2.194402 -0.326263 0.585475 2.167527 -0.32617 0.585475 2.194833 -0.202026 0.585475 2.167958 -0.201933 0.585475 2.167465 -0.343918 -0.469913 2.167465 -0.343918 -0.497458 2.167526 -0.32617 -0.469913 2.167526 -0.32617 -0.497458 2.167958 -0.201933 -0.469913 2.167958 -0.201933 -0.497458 2.249038 -0.344201 0.585474 2.22252 -0.344109 0.585474 2.249099 -0.326453 0.585474 2.222581 -0.326361 0.585474 2.249531 -0.202216 0.585475 2.223012 -0.2021239 0.585475 2.19434 -0.344011 -0.497458 2.222519 -0.344109 -0.497458 2.194402 -0.326263 -0.497458 2.222581 -0.326361 -0.497458 2.194833 -0.202026 -0.497458 2.223012 -0.2021239 -0.497458 2.167465 -0.343918 0.560162 2.167527 -0.32617 0.560162 2.167958 -0.201933 0.560162 2.836553 -0.34624 -0.497459 2.836615 -0.328492 -0.497459 2.837046 -0.204255 -0.497458 2.836554 -0.346241 0.560162 2.836615 -0.328492 0.560162 2.837046 -0.204255 0.560162 2.836553 -0.34624 -0.469913 2.836615 -0.328492 -0.469913 2.837046 -0.204255 -0.469913 2.832015 -0.06241196 0.585474 2.837538 -0.06243199 0.585474 2.831953 -0.08016097 0.585474 2.837477 -0.08017998 0.585474 2.837476 -0.08017998 -0.497458 2.837476 -0.08017998 -0.469913 2.837538 -0.06243097 -0.497458 2.837538 -0.06243097 -0.469913 2.837477 -0.08017998 0.560162 2.837538 -0.06243199 0.560162 2.831952 -0.08015996 -0.497458 2.832014 -0.06241196 -0.497458 2.223443 -0.078049 0.585475 2.195264 -0.07795095 0.585475 2.223505 -0.06029999 0.585475 2.195326 -0.06020295 0.585475 2.168388 -0.07785695 -0.497458 2.195263 -0.07795095 -0.497458 2.16845 -0.06010895 -0.497458 2.195325 -0.060202 -0.497458 2.168389 -0.07785695 0.585475 2.168389 -0.07785695 0.560162 2.16845 -0.06010895 0.585475 2.16845 -0.06010895 0.560162 2.223443 -0.07804799 -0.497458 2.249961 -0.07813996 -0.497458 2.223504 -0.06029999 -0.497458 2.250022 -0.06039196 -0.497458 2.249961 -0.07814097 0.585475 2.250023 -0.06039196 0.585475 2.168388 -0.07785695 -0.469913 2.16845 -0.06010895 -0.469913 2.24719 -0.876646 -0.497458 2.829181 -0.878666 -0.497459 2.247251 -0.858897 -0.497458 2.829243 -0.860917 -0.497459 2.192492 -0.876456 0.585474 2.165617 -0.876363 0.585474 2.192554 -0.858708 0.585474 2.165679 -0.858615 0.585474 2.165617 -0.876362 -0.469913 2.165617 -0.876362 -0.497458 2.165679 -0.858614 -0.469913 2.165679 -0.858614 -0.497458 2.24719 -0.876646 0.585474 2.220672 -0.876554 0.585474 2.247252 -0.858898 0.585474 2.220733 -0.858806 0.585474 2.192492 -0.876456 -0.497458 2.220671 -0.876554 -0.497458 2.192554 -0.858708 -0.497458 2.220733 -0.858805 -0.497458 2.829182 -0.878666 0.585474 2.829243 -0.860918 0.585474 2.165617 -0.876363 0.560162 2.165679 -0.858615 0.560162 2.834705 -0.878685 -0.497459 2.834767 -0.860937 -0.497459 2.834705 -0.878685 0.560162 2.834706 -0.878685 0.585474 2.834767 -0.860937 0.560162 2.834767 -0.860937 0.585474 2.834705 -0.878685 -0.469913 2.834767 -0.860937 -0.469913 2.834705 -0.878685 -0.286939 2.834767 -0.860937 -0.286939 2.834767 -0.860937 0.04512399 2.834705 -0.878685 0.04512399 2.834705 -0.878685 0.379554 2.834767 -0.860937 0.379554 2.834274 -1.002922 -0.286939 2.834274 -1.002922 0.04512399 2.834274 -1.002922 0.379554 2.16611 -0.734377 -0.286939 2.165679 -0.858614 -0.34793 2.165679 -0.858614 -0.334377 2.165679 -0.858614 -0.286939 2.165679 -0.858614 0.379554 2.16611 -0.734377 0.379554 2.16611 -0.734377 0.04512399 2.165679 -0.858614 0.04512399 2.165679 -0.858614 0.316197 2.165679 -0.858614 0.32975 2.165679 -0.858614 0.424626 2.165679 -0.858614 0.438179 2.165617 -0.876363 0.424626 2.165617 -0.876363 0.379554 2.165186 -1.0006 0.379554 2.165617 -0.876363 0.438179 2.165617 -0.876363 0.32975 2.165617 -0.876363 0.316197 2.165617 -0.876363 0.04512399 2.165186 -1.0006 0.04512399 2.165617 -0.876363 -0.286939 2.165617 -0.876363 -0.334377 2.165617 -0.876363 -0.34793 2.165186 -1.0006 -0.286939 2.132111 -0.858498 -0.34793 2.132111 -0.858498 -0.345965 2.139212 -0.858523 -0.334377 2.13205 -0.876246 0.316197 2.13205 -0.876246 0.318162 2.124949 -0.876221 0.32975 2.120861 -0.876207 0.32975 2.120861 -0.876207 0.327785 2.121812 -0.876211 0.321991 2.124411 -0.87622 0.317749 2.127961 -0.876232 0.316197 2.165679 -0.858614 -0.225948 2.165617 -0.876363 -0.225948 2.168389 -0.07785695 0.424626 2.168389 -0.07785695 0.379554 2.167958 -0.201933 0.379554 2.168389 -0.07785695 0.438179 2.168882 0.06428897 0.379554 2.168882 0.06428897 0.04512494 2.16845 -0.06010895 0.04512494 2.16845 -0.06010895 0.316197 2.16845 -0.06010895 0.32975 2.16845 -0.06010895 0.379554 2.168882 0.06428897 -0.286939 2.16845 -0.06010895 -0.34793 2.16845 -0.06010895 -0.334377 2.16845 -0.06010895 -0.286939 2.220152 -1.026312 0.379554 2.24667 -1.026404 0.379554 2.168389 -0.07785695 0.32975 2.168389 -0.07785695 0.316197 2.168388 -0.07785695 0.04512494 2.167958 -0.201933 0.04512494 2.168388 -0.07785695 -0.286939 2.168388 -0.07785695 -0.334377 2.168388 -0.07785695 -0.34793 2.167958 -0.201933 -0.286939 2.16845 -0.06010895 0.438179 2.126797 -0.343777 -0.2395009 2.133898 -0.343802 -0.227913 2.133898 -0.343802 -0.225948 2.129809 -0.343787 -0.225948 2.126259 -0.343775 -0.2275 2.12366 -0.343766 -0.231742 2.122708 -0.343763 -0.237536 2.122708 -0.343763 -0.2395009 2.134821 -0.07774096 -0.34793 2.134821 -0.07774096 -0.345965 2.12772 -0.07771599 -0.334377 2.123632 -0.07770198 -0.334377 2.123632 -0.07770198 -0.336342 2.124583 -0.07770496 -0.342136 2.127182 -0.07771396 -0.346378 2.130732 -0.07772696 -0.34793 2.16845 -0.06010895 -0.225948 2.168388 -0.07785695 -0.225948 2.83797 0.06196695 0.379554 2.837538 -0.06243199 0.379554 2.83797 0.06196695 -0.286939 2.83797 0.06196695 0.04512399 2.837538 -0.06243097 0.04512399 2.837538 -0.06243097 -0.286939 2.837476 -0.08017998 -0.286939 2.837477 -0.08017998 0.04512399 2.837477 -0.08017998 0.379554 2.837046 -0.204255 -0.286939 2.837046 -0.204255 0.04512399 2.837046 -0.204255 0.379554 2.836615 -0.328492 -0.286939 2.836615 -0.328492 0.04512399 2.836615 -0.328492 0.379554 2.836553 -0.34624 -0.286939 2.836553 -0.34624 0.04512399 2.836553 -0.34624 0.379554 2.836122 -0.470477 -0.286939 2.836122 -0.470477 0.04512399 2.836122 -0.470478 0.379554 2.167526 -0.32617 -0.34793 2.167526 -0.32617 -0.334377 2.167526 -0.32617 -0.286939 2.167527 -0.32617 0.379554 2.167527 -0.32617 0.04512399 2.167527 -0.32617 0.316197 2.167527 -0.32617 0.32975 2.167527 -0.32617 0.424626 2.167527 -0.32617 0.438179 2.167465 -0.343918 0.424626 2.167465 -0.343918 0.379554 2.167034 -0.468155 0.379554 2.167465 -0.343918 0.438179 2.167465 -0.343918 0.32975 2.167465 -0.343918 0.316197 2.167465 -0.343918 0.04512399 2.167034 -0.468155 0.04512399 2.167465 -0.343918 -0.286939 2.167465 -0.343918 -0.334377 2.167465 -0.343918 -0.34793 2.167034 -0.468155 -0.286939 2.139212 -0.858523 0.32975 2.13915 -0.876271 0.32975 2.134882 -0.05999296 -0.34793 2.130794 -0.05997794 -0.34793 2.167526 -0.32617 -0.225948 2.167465 -0.343918 -0.225948 2.835691 -0.594715 0.379554 2.835691 -0.594714 -0.286939 2.835691 -0.594714 0.04512399 2.835629 -0.612463 -0.286939 2.835629 -0.612463 0.04512399 2.835629 -0.612463 0.379554 2.835198 -0.7367 -0.286939 2.835198 -0.7367 0.04512399 2.835198 -0.7367 0.379554 2.166603 -0.592392 -0.34793 2.166603 -0.592392 -0.334377 2.166603 -0.592392 -0.286939 2.166603 -0.592392 0.379554 2.166603 -0.592392 0.04512399 2.166603 -0.592392 0.316197 2.166603 -0.592392 0.32975 2.166603 -0.592392 0.424626 2.166603 -0.592392 0.438179 2.166541 -0.61014 0.424626 2.166541 -0.61014 0.379554 2.166541 -0.61014 0.438179 2.166541 -0.61014 0.32975 2.166541 -0.61014 0.316197 2.166541 -0.61014 0.04512399 2.166541 -0.61014 -0.286939 2.166541 -0.61014 -0.334377 2.166541 -0.61014 -0.34793 2.13205 -0.876246 -0.34793 2.13205 -0.876246 -0.345965 2.124949 -0.876221 -0.334377 2.12086 -0.876207 -0.334377 2.12086 -0.876207 -0.336342 2.121812 -0.87621 -0.342136 2.124411 -0.87622 -0.346378 2.127961 -0.876232 -0.34793 2.127782 -0.05996799 0.32975 2.134883 -0.05999296 0.318163 2.134883 -0.05999296 0.316197 2.130794 -0.05997896 0.316197 2.127244 -0.05996596 0.317749 2.124645 -0.05995696 0.321991 2.123694 -0.05995398 0.327785 2.123694 -0.05995398 0.32975 2.166603 -0.592392 -0.225948 2.166541 -0.61014 -0.225948 2.832446 0.06198596 0.379554 2.832446 0.06198596 -0.286939 2.832446 0.06198596 0.04512399 2.834185 -1.028443 -0.28694 2.16845 -0.06010895 0.424626 2.834185 -1.028443 0.04512399 2.834186 -1.028443 0.379554 2.828661 -1.028423 -0.286939 2.828662 -1.028424 0.379554 2.828661 -1.028424 0.04512399 2.165097 -1.026121 0.379554 2.165097 -1.026121 0.04512399 2.165097 -1.02612 -0.286939 2.223936 0.064098 0.379554 2.224241 0.151928 0.379554 2.223936 0.064098 -0.286939 2.223936 0.064098 0.04512494 2.224241 0.151928 0.04512494 2.224241 0.151928 -0.286939 2.250759 0.151836 -0.286939 2.25076 0.151836 0.379554 2.250759 0.151836 0.04512494 2.191973 -1.026214 0.379554 2.220151 -1.026312 -0.286939 2.220152 -1.026312 0.04512399 2.191972 -1.026214 0.04512399 2.191972 -1.026214 -0.286939 2.195757 0.06419599 -0.286939 2.195757 0.06419599 0.04512494 2.195757 0.06419599 0.379554 2.250455 0.06400597 0.379554 2.250454 0.06400597 0.04512494 2.250454 0.06400597 -0.286939 2.132706 -0.592275 0.438179 2.132706 -0.592275 0.436214 2.125606 -0.59225 0.424626 2.121846 -0.592237 0.424626 2.121846 -0.592237 0.426591 2.122797 -0.59224 0.432385 2.125396 -0.592249 0.436627 2.128947 -0.592262 0.438179 2.12277 -0.326015 -0.2395009 2.133898 -0.343802 -0.34793 2.133898 -0.343802 -0.345965 2.126797 -0.343777 -0.334377 2.12366 -0.343766 -0.342136 2.126259 -0.343775 -0.346378 2.129809 -0.343787 -0.34793 2.24667 -1.026404 -0.286939 2.121785 -0.609985 0.32975 2.121846 -0.592237 0.32975 2.121846 -0.592237 0.327785 2.121785 -0.609985 0.327785 2.132111 -0.858498 -0.225948 2.132111 -0.858498 -0.227913 2.125011 -0.858473 -0.2395009 2.120922 -0.858459 -0.2395009 2.120922 -0.858459 -0.237536 2.121873 -0.858462 -0.231742 2.124472 -0.858471 -0.2275 2.128023 -0.858484 -0.225948 2.165679 -0.858614 -0.239502 2.165617 -0.876363 -0.239502 2.13915 -0.876271 -0.2395009 2.139212 -0.858523 -0.2395009 2.24667 -1.026404 0.04512399 2.126859 -0.326029 0.32975 2.133959 -0.326054 0.318162 2.133959 -0.326054 0.316197 2.129871 -0.326039 0.316197 2.12632 -0.326027 0.317749 2.123722 -0.326018 0.321991 2.12277 -0.326015 0.327785 2.12277 -0.326015 0.32975 2.134821 -0.07774096 -0.225948 2.134883 -0.05999296 -0.225948 2.130794 -0.05997896 -0.225948 2.130732 -0.07772696 -0.225948 2.132112 -0.858498 0.438179 2.132112 -0.858498 0.436214 2.125011 -0.858473 0.424626 2.120922 -0.858459 0.424626 2.120922 -0.858459 0.426591 2.121874 -0.858462 0.432385 2.124473 -0.858472 0.436627 2.128023 -0.858484 0.438179 2.132112 -0.858498 0.316197 2.128023 -0.858484 0.316197 2.134821 -0.07774096 0.438179 2.134883 -0.05999296 0.438179 2.130794 -0.05997896 0.438179 2.130733 -0.07772696 0.438179 2.134821 -0.07774096 0.316197 2.130733 -0.07772696 0.316197 2.133898 -0.343802 0.438179 2.13396 -0.326054 0.438179 2.129871 -0.326039 0.438179 2.129809 -0.343788 0.438179 2.133898 -0.343802 0.316197 2.129809 -0.343788 0.316197 2.132645 -0.610023 0.438179 2.128885 -0.61001 0.438179 2.133035 -0.592276 0.316197 2.132974 -0.610024 0.316197 2.128885 -0.61001 0.316197 2.128947 -0.592262 0.316197 2.13205 -0.876246 -0.225948 2.127961 -0.876232 -0.225948 2.133959 -0.326054 -0.225948 2.12987 -0.326039 -0.225948 2.132974 -0.610024 -0.225948 2.133035 -0.592276 -0.225948 2.128947 -0.592261 -0.225948 2.128885 -0.61001 -0.225948 2.12501 -0.858473 -0.334377 2.128022 -0.858484 -0.34793 2.124472 -0.858471 -0.346378 2.121873 -0.858462 -0.342136 2.120922 -0.858459 -0.336342 2.120922 -0.858459 -0.334377 2.127782 -0.05996799 -0.334377 2.134882 -0.05999296 -0.345965 2.127244 -0.05996596 -0.346378 2.124645 -0.05995696 -0.342136 2.123693 -0.05995398 -0.336342 2.123693 -0.05995398 -0.334377 2.126858 -0.326029 -0.334377 2.133959 -0.326053 -0.345965 2.133959 -0.326053 -0.34793 2.12987 -0.326039 -0.34793 2.12632 -0.326027 -0.346378 2.123721 -0.326018 -0.342136 2.133035 -0.592276 -0.34793 2.132973 -0.610024 -0.34793 2.128885 -0.61001 -0.34793 2.128947 -0.592261 -0.34793 2.125935 -0.592251 0.32975 2.133035 -0.592276 0.318162 2.125396 -0.592249 0.317749 2.122797 -0.59224 0.321991 2.133035 -0.592276 -0.227913 2.125935 -0.592251 -0.2395009 2.121846 -0.592237 -0.2395009 2.121846 -0.592237 -0.237536 2.122797 -0.59224 -0.231742 2.125396 -0.592249 -0.2275 2.141984 -0.06001698 0.32975 2.126797 -0.343777 0.424626 2.133898 -0.343802 0.436214 2.126259 -0.343775 0.436627 2.12366 -0.343766 0.432385 2.122709 -0.343763 0.426591 2.122709 -0.343763 0.424626 2.123632 -0.07770198 -0.2395009 2.123693 -0.05995398 -0.2395009 2.123632 -0.07770198 0.32975 2.123632 -0.07770198 0.424626 2.123694 -0.05995398 0.424626 2.121785 -0.609985 0.426591 2.121785 -0.609985 0.424626 2.134883 -0.05999296 0.436214 2.127782 -0.05996799 0.424626 2.123694 -0.05995398 0.426591 2.124645 -0.05995696 0.432385 2.127244 -0.05996596 0.436627 2.121784 -0.609985 -0.237536 2.121784 -0.609985 -0.2395009 2.13205 -0.876246 0.438179 2.127961 -0.876232 0.438179 2.133898 -0.343802 0.318162 2.126797 -0.343777 0.32975 2.122709 -0.343763 0.32975 2.122709 -0.343763 0.327785 2.12366 -0.343766 0.321991 2.126259 -0.343775 0.317749 2.132973 -0.610024 -0.345965 2.125873 -0.609999 -0.334377 2.121784 -0.609985 -0.334377 2.121784 -0.609985 -0.336342 2.122736 -0.609988 -0.342136 2.125335 -0.609997 -0.346378 2.141922 -0.07776498 -0.334377 2.120922 -0.858459 0.32975 2.120922 -0.858459 0.327785 2.125935 -0.592251 -0.334377 2.133035 -0.592276 -0.345965 2.125396 -0.592249 -0.346378 2.122797 -0.59224 -0.342136 2.121846 -0.592237 -0.336342 2.121846 -0.592237 -0.334377 2.123632 -0.07770198 -0.237536 2.123693 -0.05995398 -0.237536 2.124949 -0.876221 0.424626 2.13205 -0.876246 0.436214 2.124411 -0.87622 0.436627 2.121812 -0.876211 0.432385 2.120861 -0.876207 0.426591 2.120861 -0.876207 0.424626 2.125544 -0.609998 0.424626 2.132645 -0.610023 0.436214 2.125335 -0.609997 0.436627 2.122736 -0.609988 0.432385 2.127721 -0.07771599 0.424626 2.134821 -0.07774096 0.436214 2.127182 -0.07771396 0.436627 2.124583 -0.07770496 0.432385 2.123632 -0.07770198 0.426591 2.132974 -0.610024 0.318162 2.125873 -0.609999 0.32975 2.122736 -0.609988 0.321991 2.125335 -0.609997 0.317749 2.12277 -0.326015 0.424626 2.125873 -0.609999 -0.2395009 2.132974 -0.610024 -0.227913 2.125335 -0.609997 -0.2275 2.122736 -0.609988 -0.231742 2.133898 -0.343802 0.413038 2.133898 -0.343802 0.341338 2.132111 -0.858498 -0.322789 2.132111 -0.858498 -0.251089 2.140998 -0.343826 -0.334377 2.13396 -0.326054 0.436214 2.126859 -0.326029 0.424626 2.12277 -0.326015 0.426591 2.123722 -0.326018 0.432385 2.126321 -0.326027 0.436627 2.141983 -0.06001698 -0.334377 2.133959 -0.326054 -0.227913 2.126859 -0.326029 -0.2395009 2.12277 -0.326015 -0.237536 2.123721 -0.326018 -0.231742 2.12632 -0.326027 -0.2275 2.12086 -0.876207 -0.237536 2.12086 -0.876207 -0.2395009 2.12772 -0.07771599 -0.2395009 2.134821 -0.07774096 -0.227913 2.127182 -0.07771396 -0.2275 2.124583 -0.07770496 -0.231742 2.13915 -0.876271 0.424626 2.139212 -0.858523 0.424626 2.125011 -0.858473 0.32975 2.132112 -0.858498 0.318162 2.124473 -0.858471 0.317749 2.121874 -0.858462 0.321991 2.140074 -0.610049 0.32975 2.123632 -0.07770198 0.327785 2.124949 -0.876221 -0.2395009 2.13205 -0.876246 -0.227913 2.124411 -0.87622 -0.2275 2.121812 -0.87621 -0.231742 2.134821 -0.07774096 0.318163 2.127721 -0.07771599 0.32975 2.124583 -0.07770496 0.321991 2.127182 -0.07771396 0.317749 2.13915 -0.876271 -0.334377 2.13205 -0.876246 -0.251089 2.13205 -0.876246 -0.322789 2.140136 -0.5923 -0.334377 2.166603 -0.592392 -0.2395009 2.166541 -0.61014 -0.2395009 2.140074 -0.610048 -0.2395009 2.140136 -0.5923 -0.2395009 2.132974 -0.610024 -0.251089 2.132973 -0.610024 -0.322789 2.133035 -0.592276 -0.322789 2.133035 -0.592276 -0.251089 2.133898 -0.343802 -0.322789 2.133898 -0.343802 -0.251089 2.133959 -0.326054 -0.251089 2.133959 -0.326054 -0.322789 2.134821 -0.07774096 -0.322789 2.134821 -0.07774096 -0.251089 2.134882 -0.05999296 -0.251089 2.134882 -0.05999296 -0.322789 2.167526 -0.32617 -0.2395009 2.14106 -0.326078 -0.2395009 2.127782 -0.05996799 -0.2395009 2.167465 -0.343918 -0.2395009 2.140998 -0.343826 -0.2395009 2.132112 -0.858498 0.413038 2.132112 -0.858498 0.341338 2.13205 -0.876246 0.413038 2.13205 -0.876246 0.341338 2.132934 -0.610024 0.341338 2.132685 -0.610023 0.413038 2.132995 -0.592276 0.341338 2.132746 -0.592275 0.413038 2.140136 -0.5923 0.32975 2.139745 -0.610047 0.424626 2.139807 -0.592299 0.424626 2.14106 -0.326078 0.32975 2.134883 -0.05999296 0.413038 2.134883 -0.05999296 0.341338 2.133959 -0.326054 0.341338 2.13396 -0.326054 0.413038 2.14106 -0.326078 0.424626 2.140074 -0.610048 -0.334377 2.134821 -0.07774096 0.413038 2.134821 -0.07774096 0.341338 2.141984 -0.06001698 0.424626 2.14106 -0.326078 -0.334377 2.141922 -0.077766 0.32975 2.140998 -0.343826 0.424626 2.140998 -0.343826 0.32975 2.16845 -0.06010895 -0.2395009 2.168388 -0.07785695 -0.2395009 2.141922 -0.07776498 -0.2395009 2.141983 -0.06001698 -0.2395009 2.141922 -0.077766 0.424626 2.134883 -0.05999296 -0.227913 2.133062 -0.858501 -0.328583 2.135661 -0.85851 -0.332824 2.1356 -0.876258 -0.332824 2.133001 -0.876249 -0.328583 2.133001 -0.876249 -0.245295 2.1356 -0.876258 -0.2410539 2.135661 -0.85851 -0.2410539 2.133062 -0.858501 -0.245295 2.133986 -0.592279 -0.328583 2.136585 -0.592288 -0.332824 2.136524 -0.610036 -0.332824 2.133925 -0.610027 -0.328583 2.133925 -0.610027 -0.245295 2.136524 -0.610036 -0.2410539 2.136585 -0.592288 -0.2410539 2.133986 -0.592279 -0.245295 2.137448 -0.343814 -0.332824 2.134849 -0.343805 -0.328583 2.13491 -0.326057 -0.328583 2.137509 -0.326066 -0.332824 2.138371 -0.077753 -0.332824 2.135772 -0.077744 -0.328583 2.135834 -0.05999594 -0.328583 2.138433 -0.06000494 -0.332824 2.137509 -0.326066 -0.2410539 2.13491 -0.326057 -0.245295 2.134849 -0.343805 -0.245295 2.137448 -0.343814 -0.2410539 2.135662 -0.85851 0.423073 2.133063 -0.858501 0.418832 2.133001 -0.876249 0.418832 2.1356 -0.876258 0.423073 2.133063 -0.858501 0.335544 2.135662 -0.85851 0.331303 2.1356 -0.876258 0.331303 2.133001 -0.876249 0.335544 2.136519 -0.610036 0.331303 2.133905 -0.610027 0.335544 2.133967 -0.592279 0.335544 2.13658 -0.592288 0.331303 2.136262 -0.592287 0.423073 2.133678 -0.592278 0.418832 2.133616 -0.610026 0.418832 2.1362 -0.610035 0.423073 2.134911 -0.326057 0.335544 2.13751 -0.326066 0.331303 2.137448 -0.343814 0.331303 2.134849 -0.343805 0.335544 2.135834 -0.05999594 0.335544 2.138433 -0.06000494 0.331303 2.138371 -0.077753 0.331303 2.135772 -0.077744 0.335544 2.13751 -0.326066 0.423073 2.134911 -0.326057 0.418832 2.134849 -0.343805 0.418832 2.137448 -0.343814 0.423073 2.138433 -0.06000494 0.423073 2.135834 -0.05999594 0.418832 2.135773 -0.077744 0.418832 2.138371 -0.077753 0.423073 2.135772 -0.077744 -0.245295 2.138371 -0.077753 -0.2410539 2.138433 -0.06000494 -0.2410539 2.135834 -0.05999594 -0.245295 2.124645 -0.05995696 -0.231742 2.127244 -0.05996596 -0.2275</float_array>
          <technique_common>
            <accessor source="#Cube_001_Cube_002-mesh-positions-array" count="818" stride="3">
              <param name="X" type="float"/>
              <param name="Y" type="float"/>
              <param name="Z" type="float"/>
            </accessor>
          </technique_common>
        </source>
        <source id="Cube_001_Cube_002-mesh-normals">
          <float_array id="Cube_001_Cube_002-mesh-normals-array" count="4743">-0.003468513 -0.999994 0 -0.003459692 -0.9999941 0 -0.003468513 -0.999994 0 0.003460586 0.9999941 0 0.003460586 0.999994 0 0.003466308 0.999994 0 -0.003470599 -0.999994 0 -0.003473877 -0.999994 0 -0.003470599 -0.999994 0 -0.003451049 -0.999994 0 -0.003450989 -0.9999941 0 -5.23925e-7 0 -1 5.61707e-7 0 -1 1.24572e-6 0 -1 0.999994 -0.00347197 0 0.999994 -0.00347197 0 0.999994 -0.00347197 0 -1.53393e-7 0 -1 -6.22712e-7 0 -1 0 0 -1 0.003466308 0.999994 0 0.003460645 0.9999941 0 0.003460586 0.9999941 0 -0.00343132 -0.9999941 0 -0.003547132 -0.9999938 0 -0.003625452 -0.9999935 0 -0.003547191 -0.9999938 0 -0.00348854 -0.9999939 0 -0.003499686 -0.9999939 0 -0.00348854 -0.9999939 0 -0.003469586 -0.999994 0 -0.003473818 -0.999994 0 -0.003469586 -0.999994 0 -0.999994 0.003475189 0 -0.999994 0.003475189 0 -0.999994 0.003475189 0 -0.999994 0.003492474 0 -0.999994 0.003498136 0 -0.9999939 0.003492355 0 -0.003473818 -0.999994 0 0 0 1 0 0 1 0 0 1 0.999994 -0.003472626 0 0.999994 -0.003468871 0 0.999994 -0.003473818 0 -0.003473877 -0.999994 0 0.003470063 0.999994 0 0.003472149 0.999994 0 0.003469824 0.999994 0 0.003470778 0.999994 0 0.003470778 0.999994 0 0.003470778 0.999994 0 0.003469705 0.999994 0 0.003469944 0.999994 0 0.00347352 0.999994 0 0.003472089 0.999994 0 0.003477931 0.999994 0 0.003473579 0.999994 0 0.003477871 0.999994 0 -7.33262e-7 0 -1 -1.1916e-6 0 -1 -0.999994 0.003473818 0 -0.999994 0.003473818 0 1.02029e-6 0 1 5.31382e-7 0 1 -2.13471e-6 0 1 5.443e-7 0 1 1.41992e-6 0 1 1.41954e-6 0 1 1.11145e-6 0 1 1.33737e-6 0 1 9.73073e-7 0 1 0 0 -1 0 0 -1 1.7798e-7 0 1 3.33951e-7 0 1 3.03514e-7 0 1 2.1837e-7 0 -1 8.87819e-7 0 -1 7.63822e-7 0 -1 0.003449678 0.999994 0 0.003439605 0.9999941 0 0.003439724 0.9999942 0 -0.999994 0.003475785 0 -0.999994 0.003481388 0 -0.9999939 0.00349462 0 -5.98729e-7 0 -1 -9.80845e-7 0 -1 -6.16853e-7 0 -1 -1.23913e-6 0 1 -1.40854e-7 0 1 -2.87347e-6 0 1 -1.26762e-7 0 -1 -0.999994 0.003477871 0 -0.9999939 0.003486514 0 -0.9999939 0.003491163 0 2.41095e-6 0 1 -7.46004e-7 0 -1 -8.41933e-7 0 -1 0.9999939 -0.003483831 0 0.9999939 -0.003497362 0 0.999994 -0.003497362 0 0.9999941 -0.003456532 0 0.999994 -0.003448426 0 0.9999942 -0.003438353 0 0.003439426 0.9999941 0 0.003439188 0.9999941 0 0.003449738 0.999994 0 -4.93994e-6 0 1 -1.66052e-6 0 1 1.75808e-7 0 -1 -1.43133e-6 0 -1 -1.87714e-6 0 -1 -1.7272e-6 0 -1 -7.2753e-7 0 -1 -6.08445e-7 0 -1 -7.19627e-7 0 -1 -1.33828e-6 0 -1 -1.51666e-7 0 1 -1.52046e-5 0 1 -7.41169e-6 0 1 0 0 1 -2.54846e-7 0 1 1.36763e-6 0 1 1.88853e-5 -4.1402e-6 1 -1.62616e-6 -4.0779e-6 1 2.339e-7 -2.33295e-6 1 2.01047e-5 0 1 2.1038e-6 -4.07791e-6 1 1.76835e-5 0 1 6.80928e-7 0 1 -0.9999941 0.003455758 0 -0.999994 0.003470242 0 -0.999994 0.003469228 0 -0.9999941 0.003458321 2.66788e-6 -0.9999942 0.003446578 0 -0.999994 0.00347191 1.20733e-6 -0.9999942 0.003445386 0 0 0 1 1.55359e-5 -1.80723e-6 1 0 0 1 0 0 1 6.15564e-7 0 1 1.86419e-5 0 1 1.76714e-5 0 1 0 0 -1 -6.40943e-7 0 -1 0 0 -1 0 0 -1 -7.62134e-7 0 -1 0 0 -1 -9.09459e-7 0 -1 6.85871e-7 0 1 -0.999994 0.003469705 0 -0.999994 0.003475308 0 -0.999994 0.003470003 0 -0.999994 0.003481745 0 -0.999994 0.003485023 0 -0.999994 0.0034675 0 -0.999994 0.003473281 0 1.76937e-7 0 -1 0 0 -1 -2.88192e-7 0 -1 2.11369e-7 0 -1 -1.79147e-6 0 -1 -1.79146e-6 0 -1 -7.82217e-7 0 -1 0.999994 -0.003479063 0 0.999994 -0.003470897 0 0.999994 -0.003469765 0 0.999994 -0.003482282 0 0.9999939 -0.003485798 0 0.999994 -0.003472566 0 0.9999939 -0.003492236 0 0.9999941 -0.003457129 0 0.999994 -0.00346899 0 0.999994 -0.003468096 0 0.9999941 -0.003459274 0 0.999994 -0.003458321 -1.22259e-6 0.999994 -0.003474295 0 0.9999941 -0.003461122 -1.79761e-6 -8.47636e-7 0 -1 -7.41069e-7 0 -1 -2.33388e-7 3.69464e-6 -1 -2.31121e-7 0 -1 -6.7823e-7 2.66238e-7 -1 -6.98825e-7 0 -1 5.68039e-7 0 1 -4.5612e-6 0 1 -4.35823e-7 0 1 2.93459e-6 0 1 -2.19322e-6 -2.74305e-7 1 5.89276e-6 0 1 1.92279e-5 0 1 -9.45267e-7 0 1 3.17396e-7 0 1 2.23142e-6 0 1 1.81165e-5 -1.80761e-6 1 3.03202e-7 0 1 -0.999994 0.00347352 0 -0.9999941 0.00345987 0 -0.9999941 0.003456234 0 -0.999994 0.003469944 0 -0.9999941 0.003460586 0 5.21968e-7 0 1 1.77228e-5 0 1 1.74669e-7 -4.07792e-6 1 0 0 1 2.42596e-7 -2.33295e-6 1 1.90725e-5 -4.14004e-6 1 -4.59822e-7 0 -1 -3.94563e-7 0 -1 1.62549e-7 0 -1 0 0 -1 -4.2314e-7 0 -1 -6.96978e-7 0 -1 0 -3.80669e-6 1 -0.999994 0.00347656 0 -0.999994 0.003468036 0 -0.9999939 0.003478765 0 -0.9999939 0.003482222 0 -0.999994 0.003471672 0 -0.999994 0.003483295 0 -6.39944e-7 0 -1 7.46086e-7 0 -1 0 0 -1 1.62261e-7 0 -1 9.44287e-7 0 -1 0 3.95814e-6 -1 2.69091e-7 3.9581e-6 -1 0.9999941 -0.003447473 -1.83313e-6 0.999994 -0.003473281 0 0.9999941 -0.003448188 -1.24227e-6 0.999994 -0.003457248 0 0.999994 -0.003470599 0 0.999994 -0.003458976 0 0.999994 -0.003472447 0 0.999994 -0.003473877 0 0.999994 -0.003475844 0 0.999994 -0.003480792 0 0.999994 -0.003466129 0 0.9999939 -0.003481626 0 -5.8573e-6 0 1 2.56776e-7 0 1 4.38951e-6 0 1 -1.13047e-5 0 1 9.49955e-6 0 1 0.9999939 -0.00348562 0 0.999994 -0.00346601 0 0.999994 -0.003484249 0 0.9999939 -0.003484725 0 0.999994 -0.00347346 0 0.999994 -0.003474593 0 0.999994 -0.003454983 0 0.999994 -0.003470838 0 0.999994 -0.00345391 0 0.9999941 -0.00346136 0 0.999994 -0.003472864 0 0.999994 -0.003474414 0 -1.87235e-6 0 -1 0 3.95811e-6 -1 -1.07407e-6 0 -1 -9.12632e-7 0 -1 -6.04276e-7 0 -1 -1.75302e-7 0 1 -6.04871e-7 0 1 0 0 1 7.7861e-7 0 1 1.43388e-6 0 1 5.41957e-7 0 -1 0 0 -1 1.14555e-6 0 -1 1.01787e-6 0 -1 1.63608e-7 0 -1 2.8603e-7 0 -1 -0.999994 0.00345391 0 -0.999994 0.003471672 0 -0.999994 0.003454327 0 -0.9999941 0.003458261 0 -0.999994 0.00347197 0 -0.999994 0.003473401 0 0 0 -1 1.88166e-7 0 -1 5.72088e-7 0 -1 -3.63517e-7 0 -1 1.83766e-6 0 1 6.78231e-7 0 1 -0.9999939 0.003483176 0 -0.999994 0.003469645 0 -0.9999939 0.003486692 0 -0.9999939 0.003490567 0 -0.999994 0.003471851 0 -0.999994 0.003471374 0 2.10675e-6 0 1 -3.81116e-7 0 1 -8.47614e-7 0 -1 -7.42269e-7 0 -1 -2.52071e-6 0 -1 -1.14563e-6 0 -1 -7.34287e-7 0 -1 1.23048e-6 0 1 -2.42025e-6 0 1 -2.36584e-7 0 1 -6.43261e-7 0 1 8.66013e-7 0 1 -0.999994 0.00348097 0 -0.999994 0.003473222 0 -0.9999939 0.003482282 0 -0.9999939 0.003483951 0 -0.999994 0.003486871 0 0 0 1 -1.94431e-7 0 1 0 0 1 6.15608e-7 0 1 -6.85027e-7 0 1 1.512e-7 0 -1 3.53835e-7 0 -1 -4.7559e-7 0 -1 4.66583e-7 0 -1 5.45204e-7 0 1 5.20882e-6 0 1 -0.999994 0.003476679 0 -0.999994 0.00347197 0 -0.9999939 0.003478884 0 -0.9999939 0.003482282 0 -0.9999939 0.003483414 0 0 0 -1 1.1118e-6 0 -1 -2.7506e-6 0 -1 0.999994 -0.003472328 -1.76299e-5 0.9999941 -0.003464877 -2.40982e-6 0.999994 -0.00346595 -5.75156e-6 0.999994 -0.003470301 -2.61666e-5 0.999994 -0.003457307 0 0.999994 -0.003485798 0 0.999994 -0.003483057 0 0.9999939 -0.0034855 0 0.999994 -0.003481149 0 0.9999939 -0.003481984 0 1.08277e-6 0 1 1.08558e-5 0 1 0.999994 -0.003479361 0 0.999994 -0.00348252 0 0.999994 -0.003481447 0 0.9999939 -0.003482818 0 0.9999939 -0.003482758 0 0.9999939 -0.003484129 0 0.9999941 -0.003455042 -8.48094e-7 -0.999994 0.003477394 0 -0.999994 0.003478109 0 -0.999994 0.003476142 0 -0.999994 0.003470122 0 -0.999994 0.003476023 0 -0.999994 0.003476917 0 -0.999994 0.003478169 0 -0.999994 0.003473222 0 -0.999994 0.003481209 0 -0.999994 0.003475964 0 -0.999994 0.003479123 0 -0.999994 0.003474771 0 0.003444373 0.9999942 1.20544e-5 0.003504872 0.9999939 -2.11637e-5 0.003525853 0.9999939 -6.11985e-6 -0.003403306 -0.9999943 4.5396e-5 -0.00340259 -0.9999942 0 -0.003473997 -0.999994 1.7065e-5 -0.9999939 0.003482103 0 -0.999994 0.003477573 0 -0.999994 0.003460705 0 -0.999994 0.003469526 0 -0.9999939 0.003487288 0 -0.999994 0.003461956 1.40487e-6 -0.9999939 0.00348705 0 -0.003473877 -0.999994 0 -0.999994 0.003462433 1.86648e-6 -0.9999939 0.003484547 1.1452e-6 -0.999994 0.003467798 1.43797e-6 -0.9999939 0.003483295 0 -0.999994 0.003470182 0 -0.9999941 0.00345695 0 -0.0034976 -0.9999939 1.72828e-5 -0.003413915 -0.9999942 2.27044e-5 -0.003450393 -0.999994 1.96318e-5 -0.003534257 -0.9999938 1.42022e-5 -0.003527045 -0.9999938 2.19119e-4 -0.003435194 -0.9999942 1.74518e-5 -0.9999939 0.003483057 0 0.9999941 -0.003450989 0 0.999994 -0.003474056 0 0.999994 -0.003472268 0 0.999994 -0.00348258 -6.93597e-7 0.999994 -0.00347197 0 0.9999939 -0.003486335 0 0.9999941 -0.003456413 -7.44931e-7 0.9999939 -0.003480017 -8.81466e-7 0.999994 -0.003452181 0 0.999994 -0.003469705 -5.54582e-7 0.999994 -0.003467619 0 0.999994 -0.003470599 0 0.999994 -0.003481566 0 0.999994 -0.003477215 0 0.999994 -0.003481268 0 0.9999939 -0.003483057 0 0.999994 -0.003476262 0 0.9999939 -0.003482818 -1.40945e-6 0.999994 -0.003469705 0 0.999994 -0.003469586 -8.08247e-7 0.999994 -0.003471016 -8.216e-7 -0.999994 0.003463149 0 -0.999994 0.003477811 0 -0.999994 0.003476202 0 -0.999994 0.003471553 0 -0.999994 0.003477573 0 -0.999994 0.003479778 0 -0.999994 0.003480315 0 -0.999994 0.003476977 0 -0.999994 0.003482222 0 -0.999994 0.003469467 0 -0.999994 0.003462374 0 -0.999994 0.003469049 0 0 0 1 7.76877e-7 0 1 1.98262e-6 0 1 0 0 -1 1.84493e-6 0 -1 -0.999994 0.003480792 9.16259e-7 -0.999994 0.003464937 1.12401e-6 0.999994 -0.003482103 0 0.9999939 -0.003482997 0 0.999994 -0.003480732 -1.38327e-6 0.999994 -0.00348246 0 0.9999939 -0.003481388 0 0.999994 -0.003482639 0 0.999994 -0.003469169 0 0.999994 -0.003469049 0 0.999994 -0.003469169 0 -0.999994 0.003478765 4.90546e-6 -0.999994 0.003477156 0 -0.999994 0.003481209 0 -0.999994 0.003468632 0 -0.999994 0.003472864 0 -0.999994 0.003476262 0 -0.999994 0.003480136 0 -0.999994 0.003477632 0 -0.999994 0.003481328 0 -0.999994 0.003469824 0 -0.999994 0.003475368 2.95806e-6 -0.999994 0.003468692 0 -0.003413498 -0.9999942 2.04281e-4 -0.003402531 -0.9999943 0 -0.003487646 -0.9999939 2.28438e-5 0.003497064 0.9999939 1.60462e-5 0.003412127 0.9999943 2.55452e-5 0.003450393 0.999994 2.31642e-5 -0.9999939 0.003481328 0 -0.999994 0.003475606 0 0.003439426 0.9999941 0 0.003455102 0.999994 0 0.003455102 0.9999941 0 0.003439307 0.9999942 0 0.003455042 0.999994 0 0.999994 -0.003497838 0 -0.999994 0.003472447 0 -0.999994 0.003460347 0 -0.999994 0.003461003 0 0.9999939 -0.003495752 0 0.9999942 -0.003437817 -1.78262e-6 -0.003625512 -0.9999935 0 -0.003546714 -0.9999938 -9.34665e-7 -0.00345081 -0.9999941 0 -0.003432512 -0.9999941 -1.7562e-6 -0.003430843 -0.9999942 2.05144e-7 -0.003431141 -0.9999941 0 -0.999994 0.003479659 0 -0.9999939 0.003483474 0 -0.9999939 0.00349158 0 -0.999994 0.003479957 0 -0.999994 0.003470301 0 -0.999994 0.003471732 0 -0.999994 0.003473103 0 -0.999994 0.003471016 0 -0.999994 0.003473877 0 -0.999994 0.003475427 0 -0.999994 0.003474175 0 -0.999994 0.003475189 0 0.003469288 0.999994 0 0.003469288 0.999994 0 0.003469109 0.999994 0 0.003469109 0.999994 0 -0.003468513 -0.999994 0 -0.003473818 -0.999994 0 -0.003469049 -0.999994 -9.27947e-7 -0.00348854 -0.9999939 0 0.003469109 0.999994 0 0.003477632 0.999994 0 0.003477573 0.999994 0 0.003469109 0.999994 0 0.003477632 0.999994 0 0.003477573 0.999994 0 0.003460645 0.9999941 0 0.003469109 0.999994 0 0.003460586 0.999994 0 0.003470778 0.999994 0 0.003470778 0.999994 0 0.003470778 0.999994 0 0.003562808 0.9999937 -1.36989e-5 0.003555059 0.9999937 1.49667e-4 0.003445565 0.9999942 1.16835e-5 -0.003459692 -0.9999941 0 -0.9999939 0.003492474 0 -0.999994 0.003480017 0 -0.003529489 -0.9999939 -8.87354e-5 -0.003542363 -0.9999938 -2.48354e-4 -0.003476202 -0.999994 -1.66766e-5 -0.003498673 -0.999994 0 -0.003469944 -0.999994 -3.52771e-7 -0.9999942 0.003427863 0 -0.9999941 0.003442883 0 -0.9999942 0.003439128 0 0.00353533 0.9999938 2.23304e-5 0.003527522 0.9999938 2.04521e-4 0.003505051 0.9999939 1.92329e-5 -3.76783e-5 1.31654e-7 -1 -3.76749e-5 1.31656e-7 -1 -3.76834e-5 1.31652e-7 -1 -0.003473818 -0.999994 0 0.003497779 0.9999939 1.57431e-5 0.003413736 0.9999942 2.83774e-5 0.003450453 0.9999941 2.08738e-5 -0.003470599 -0.999994 0 -0.999994 0.003478229 0 -0.999994 0.003468811 0 -0.999994 0.003478646 0 -0.9999941 0.003452003 0 -0.999994 0.003461718 0 -0.9999941 0.003454446 0 -0.00345081 -0.9999941 -1.61071e-6 -0.003470599 -0.999994 0 0.999994 -0.003472149 0 0.999994 -0.003472566 0 0.999994 -0.003471493 0 -0.999994 0.003482282 0 -0.999994 0.003476202 0 -0.999994 0.003481864 0 -0.9999939 0.003483295 0 -0.999994 0.003480017 0 -0.999994 0.003481268 0 0.999994 -0.003473758 -1.48413e-6 0.999994 -0.003474295 -1.72409e-6 0.999994 -0.003474116 -1.42584e-6 -0.999994 0.003475487 0 -0.9999939 0.003482758 0 -0.9999939 0.003481745 0 0.999994 -0.003472983 0 0.999994 -0.00347191 0 0.9999939 -0.003482758 0 -0.999994 0.003475844 0 -0.9999939 0.003483057 0 -0.9999939 0.003488898 0 -0.999994 0.003459751 0 -0.9999941 0.003451228 0 -0.9999941 0.003456294 0 -0.999994 0.003474891 0 -0.999994 0.003479003 0 -0.999994 0.003477752 0 0.999994 -0.003481388 0 6.89922e-7 0 1 -1.0887e-6 0 1 0.003413558 0.9999942 2.20552e-4 0.003402411 0.9999942 -2.92182e-5 0.003488004 0.9999939 2.30137e-5 -2.47504e-7 0 -1 -2.93875e-6 0 -1 -1.63172e-6 0 -1 -3.82099e-7 0 1 -4.53728e-6 0 1 1.35496e-7 0 -1 1.60896e-6 0 -1 1.05336e-6 0 -1 -5.63154e-7 0 1 -6.32788e-6 0 1 -3.69703e-6 0 1 -2.18941e-7 0 -1 -2.2631e-6 0 -1 0 0 1 6.50154e-7 0 1 -2.47504e-7 0 -1 -2.93961e-6 0 -1 -1.63227e-6 0 -1 0 0 1 -4.45206e-6 0 1 0 0 1 -7.88854e-6 0 1 -4.29548e-6 0 1 -5.84102e-7 0 1 -6.53232e-6 0 1 -3.81618e-6 0 1 0.003497898 0.9999939 1.28277e-5 0.003413081 0.9999942 3.40634e-5 0.003452062 0.999994 1.9125e-5 0.003497064 0.999994 1.60449e-5 0.003411173 0.9999943 2.55356e-5 0.003450036 0.999994 2.3574e-5 0.003418564 0.9999942 1.43184e-5 0.003414511 0.9999942 2.27089e-5 0.003435909 0.9999942 4.05057e-5 2.51333e-7 0 -1 2.19942e-6 0 -1 0.003497719 0.9999939 1.85407e-5 0.003412246 0.9999943 3.40548e-5 0.003451704 0.999994 2.92993e-5 0.003529727 0.9999938 -1.03288e-4 0.003541827 0.9999938 -2.62934e-4 0.003476977 0.999994 -1.92045e-5 0.00342822 0.9999942 -1.3827e-5 0.003435075 0.9999942 -1.74117e-5 0.003426194 0.9999942 -1.77492e-5 -0.003497779 -0.9999939 1.72832e-5 -0.00341469 -0.9999942 2.27129e-5 -0.00345087 -0.9999941 1.96362e-5 -0.9999942 0.00344026 0 -0.9999942 0.003446936 0 -0.9999942 0.003439188 0 -0.9999939 0.003500282 0 -0.9999939 0.003493487 0 -0.9999939 0.003492414 0 -0.9999942 0.003419995 0 -0.9999941 0.003446042 0 -0.9999941 0.00344479 0 0.003534853 0.9999938 1.33997e-5 0.0035277 0.9999939 2.15482e-4 0.003435075 0.9999942 1.70831e-5 -0.999994 0.003498315 0 -0.999994 0.003492414 0 -0.9999939 0.003498256 0 -3.11639e-7 0 1 -3.70025e-6 0 1 -0.003535091 -0.9999938 1.74257e-5 -0.003528296 -0.9999938 2.33746e-4 -0.003435134 -0.9999941 1.94853e-5 -3.57228e-7 0 -1 -2.19869e-6 0 -1 -1.28452e-6 0 -1 -4.97021e-6 0 -1 4.33857e-6 0 -1 -1.28326e-5 0 -1 -0.003536045 -0.9999938 4.50433e-5 -0.003527998 -0.9999938 2.04545e-4 -0.003434777 -0.9999942 1.76794e-5 -0.003428339 -0.9999942 1.34726e-5 -0.003426671 -0.9999942 1.77441e-5 -0.9999941 0.003439188 0 -0.9999941 0.003444731 0 0.003497719 0.9999939 1.85407e-5 0.003412246 0.9999943 3.40548e-5 0.003451585 0.9999941 2.61041e-5 -0.9999941 0.00344491 0 -0.003410518 -0.9999943 -7.29789e-5 -0.003461062 -0.999994 -7.94661e-5 -0.003441989 -0.9999942 -9.5381e-6 -0.00352472 -0.9999939 2.03077e-5 -0.00344032 -0.9999941 2.49815e-5 -0.003469884 -0.999994 2.03506e-5 -0.003496527 -0.9999939 1.60454e-5 -0.003411293 -0.9999943 2.55383e-5 -0.003449916 -0.999994 2.35657e-5 -0.003535568 -0.9999938 2.87709e-5 -0.003527522 -0.9999939 2.33744e-4 -0.003505051 -0.9999939 2.08849e-5 -0.9999941 0.003439188 0 -0.9999941 0.003448069 0 -0.003497719 -0.9999939 1.44706e-5 -0.003412067 -0.9999942 4.53983e-5 -0.003451466 -0.9999941 3.0888e-5 -0.003440916 -0.9999942 -1.25616e-5 -0.00345087 -0.9999941 -1.87114e-5 -0.003472268 -0.999994 -1.28674e-5 0.003439843 0.9999941 -1.50704e-5 0.003451704 0.999994 -2.44977e-5 0.003472685 0.999994 -1.1593e-5 -0.003549158 -0.9999938 1.41824e-5 -0.003427386 -0.9999942 2.00035e-5 0.003529608 0.9999939 -9.51717e-5 0.003542661 0.9999937 -2.77573e-4 0.003477096 0.999994 -1.85761e-5 0.003550648 0.9999938 -1.38266e-5 0.003477096 0.999994 1.84835e-5 0.003426432 0.9999942 -1.77483e-5 -0.999994 0.003488898 0 -0.999994 0.003496289 0 -0.9999939 0.003500163 0 0.003529429 0.9999938 -8.38149e-5 0.003542542 0.9999938 -2.77554e-4 0.003477036 0.999994 -1.8672e-5 -2.41617e-7 0 1 -1.45624e-7 0 1 -3.87248e-7 0 1 -0.999994 0.003498315 0 -0.003496766 -0.999994 1.60454e-5 -0.003412067 -0.9999943 2.55451e-5 -0.003450274 -0.9999941 2.27534e-5 8.60098e-7 0 -1 5.18394e-7 0 -1 1.37847e-6 0 -1 0.003497838 0.999994 1.08512e-5 0.003411829 0.9999943 3.40455e-5 0.003451526 0.9999941 1.80931e-5 -0.999994 0.003496468 0 -0.999994 0.003471493 0 -0.003444731 -0.9999942 -1.13459e-5 -0.003524839 -0.9999939 1.06056e-5 -0.999994 0.003498256 0 -0.003469884 -0.999994 -5.61206e-5 -0.003411591 -0.9999943 3.40442e-5 -0.003451466 -0.999994 1.7638e-5 -0.003534257 -0.9999938 1.33965e-5 -0.003527343 -0.9999938 2.15396e-4 -0.003504693 -0.9999939 2.02163e-5 -0.003454267 -0.999994 -5.67314e-6 -0.003543913 -0.9999938 1.79229e-5 0 0 1 0 0 1 -0.003439903 -0.9999942 -1.00464e-5 -0.003451466 -0.9999941 -1.64936e-5 -0.003472328 -0.999994 -1.41439e-5 -1.65152e-7 0 1 -9.40347e-7 0 1 0.00344491 0.9999942 -1.13453e-5 0.003525853 0.9999938 1.06288e-5 0.003547072 0.9999938 -1.55995e-5 0.003476679 0.999994 1.7419e-5 0.003425538 0.9999942 -2.00246e-5 -0.003454327 -0.999994 5.67308e-6 -0.003488004 -0.9999939 -2.41761e-5 -0.003543853 -0.9999938 -2.15226e-5 0 0 -1 0 0 -1 -1.23914e-7 0 -1 0.999994 -0.003482222 -2.05446e-6 0.9999941 -0.003449857 -1.12448e-5 0.9999942 -0.003442645 -1.32993e-5 0.003472626 0.999994 1.07981e-5 0.003439664 0.9999942 1.75807e-5 2.95098e-7 0 -1 4.27444e-7 0 -1 -1.51765e-7 0 1 0.003547072 0.9999938 1.70175e-5 0.003425598 0.9999942 2.54444e-5 -0.003440439 -0.9999941 1.2558e-5 -0.00344032 -0.9999942 -1.2558e-5 -0.003472089 -0.999994 -1.28673e-5 -0.003422796 -0.9999942 -1.48915e-5 -0.003434538 -0.9999942 -1.92435e-5 -0.003425896 -0.9999942 -2.63146e-5 0.9999941 -0.003442645 0 0.9999941 -0.003442645 0 0.9999942 -0.003442645 0 0.003472328 0.999994 1.43951e-5 0.003441214 0.9999941 1.38177e-5 -0.003472208 -0.999994 1.36978e-5 -0.003439188 -0.9999942 1.50739e-5 2.02352e-7 0 -1 3.66033e-6 0 -1 -5.81762e-7 0 -1 -8.4267e-7 0 -1 0.9999942 -0.003422856 0 0.9999941 -0.003439009 0 0.9999942 -0.00341922 0 0.003552556 0.9999938 1.27635e-5 0.003426909 0.9999942 1.81837e-5 0.003472328 0.999994 1.40396e-5 0.003438711 0.9999942 1.56983e-5 -5.27739e-7 0 1 -1.46556e-6 0 1 -0.003549039 -0.9999938 -1.41824e-5 -0.003476142 -0.999994 1.84238e-5 -0.003427326 -0.9999942 -1.82029e-5 0.003472268 0.999994 -1.1592e-5 0.003472387 0.999994 1.02946e-5 0.003439843 0.9999942 1.00464e-5 -3.28594e-7 0 -1 -1.98049e-7 0 -1 0.9999939 -0.003489494 0 0.999994 -0.003489494 0 8.51539e-7 0 1 -1.9707e-6 0 1 -0.003454327 -0.999994 5.67308e-6 -0.003473997 -0.999994 -1.60365e-5 -0.003543853 -0.9999938 -2.15228e-5 -0.003472626 -0.999994 1.4312e-5 -0.00344026 -0.9999941 1.25616e-5 3.79399e-7 0 -1 5.4956e-7 0 -1 -0.003454327 -0.999994 -5.67308e-6 -0.003543913 -0.9999938 1.7923e-5 -0.003464341 -0.9999941 1.38817e-5 -0.003443241 -0.9999942 -1.9905e-5 -0.003477215 -0.999994 9.571e-6 0.003444552 0.9999942 1.34737e-5 0.003504991 0.9999939 -2.26608e-5 0.003526449 0.9999938 -4.30978e-6 0.9999881 -0.003435373 0.00347203 0.9999882 -0.003403007 0.003474295 0.9999881 -0.003442645 0.003471493 3.79412e-7 0 -1 5.49571e-7 0 -1 0.003482341 0.999994 1.27477e-5 0.003442525 0.9999941 1.73468e-5 0.003423035 0.9999942 -1.55994e-5 0.00343436 0.9999942 -1.75708e-5 0.003424167 0.9999942 -2.72174e-5 -0.003441989 -0.9999942 -1.7556e-5 -0.003445744 -0.9999941 -1.5362e-5 -0.003423333 -0.9999942 -1.53913e-5 4.27406e-7 0 1 4.69605e-7 0 1 -4.03252e-7 0 -1 -2.39299e-7 0 -1 -6.42551e-7 0 -1 0.003552973 0.9999938 -1.31176e-5 0.003477275 0.999994 1.93007e-5 0.003427207 0.9999942 -2.04388e-5 0.003472506 0.999994 1.3959e-5 0.003439307 0.9999942 1.53868e-5 -1.2647e-7 0 -1 -1.8319e-7 0 -1 0.999994 -0.003449857 -1.12468e-5 0.999994 -0.003482222 -2.05482e-6 0.003440499 0.9999942 1.24414e-5 0.003440439 0.9999942 -1.2558e-5 0.00347197 0.999994 -1.48154e-5 0.003552556 0.9999938 1.27642e-5 0.003427207 0.9999942 1.99837e-5 -0.003423035 -0.9999942 1.41813e-5 -0.003425836 -0.9999942 1.82035e-5 -5.02553e-7 0 1 -3.02885e-7 0 1 -0.9999939 0.003493487 0 5.05886e-7 0 -1 7.32777e-7 0 -1 0.9999939 -0.00349313 0 0.9999939 -0.003509283 0 0.9999939 -0.003512918 0 -0.003438711 -0.9999942 -1.56983e-5 -0.003449976 -0.9999941 -2.34556e-5 -0.003472208 -0.999994 -1.36799e-5 0.003428101 0.9999942 1.3827e-5 0.003426134 0.9999942 1.77492e-5 -0.003439843 -0.9999941 -1.00461e-5 -0.003451466 -0.9999941 -1.93189e-5 -0.003472387 -0.999994 -1.03413e-5 0.003460943 0.9999941 6.73631e-6 0.003466188 0.999994 1.2208e-5 0.003455162 0.9999941 3.74421e-5 -2.41613e-7 0 1 -1.45624e-7 0 1 -3.87231e-7 0 1 -0.003450095 -0.999994 -1.2054e-5 -0.003525555 -0.9999938 1.19722e-5 -0.003428816 -0.9999942 -1.41824e-5 -0.003435134 -0.9999942 -1.88335e-5 -0.003427326 -0.9999942 -1.82029e-5 -1.34904e-7 0 1 -6.08864e-7 0 -1 -3.66959e-7 0 -1 -9.75827e-7 0 -1 3.87846e-7 0 1 -2.56358e-6 0 1 0 0 1 0 0 1 0 0 1 0 0 1 -0.003428816 -0.9999942 1.41824e-5 -0.003427386 -0.9999942 2.00035e-5 0.003423333 0.9999942 2.16974e-5 0.003442287 0.9999942 1.68523e-5 -3.286e-7 0 -1 -1.98049e-7 0 -1 -0.003450036 -0.999994 1.19653e-5 -0.003504455 -0.9999939 -1.99602e-5 -0.003525674 -0.9999939 -1.25376e-5 -6.08858e-7 0 -1 -3.66971e-7 0 -1 -9.75855e-7 0 -1 0.00342822 0.9999942 1.36504e-5 0.003426492 0.9999942 1.77456e-5 0.003435492 0.9999942 1.71085e-5 -1.88453e-7 0 1 0 0 1 0.003444552 0.9999942 -1.41828e-5 0.003526389 0.9999938 6.99944e-6 -2.0735e-7 0 1 -2.51421e-7 0 1 -0.00342822 -0.9999942 -1.36499e-5 -0.003435194 -0.9999942 -1.74695e-5 -0.003426611 -0.9999942 -1.75218e-5 -7.67216e-7 0 -1 0.003534853 0.9999938 -2.08622e-5 -0.003535211 -0.9999938 3.81677e-5 -0.003459692 -0.9999941 -2.28115e-5 -0.003535211 -0.9999938 -3.9406e-5 0.003535032 0.9999938 2.79838e-5 0.003460407 0.999994 -2.05651e-5 0.003438413 0.9999941 -6.44002e-6 -0.003438532 -0.9999941 1.01767e-5 -0.003459632 -0.9999941 -1.25287e-5 -0.003438532 -0.9999941 -1.48011e-5 0.003438472 0.9999941 9.82504e-6 0.003460168 0.999994 -2.05635e-5 0.003451585 0.999994 -2.3211e-5 -0.003439366 -0.9999942 6.54186e-6 -0.003452837 -0.999994 -3.37268e-5 -0.003450393 -0.9999941 -1.87068e-5 0.003446698 0.9999942 4.72521e-5 -0.003439188 -0.9999941 6.26615e-6 -0.003455996 -0.999994 -2.87125e-5 -0.003450274 -0.999994 -2.27951e-5 0.003439307 0.9999942 -6.26033e-6 0.003439128 0.9999941 5.46823e-6 0.003453314 0.9999941 -3.88723e-5 0.003450512 0.999994 -2.02903e-5 -0.003439307 -0.9999941 -3.77548e-6 0.003535211 0.9999938 3.22834e-5 0.003459692 0.9999941 -2.05598e-5 0.003451466 0.9999941 -2.26845e-5 -0.003535211 -0.9999938 -3.9406e-5 0.003535211 0.9999938 -2.6752e-5 -0.003535211 -0.9999938 3.81677e-5 -0.003459692 -0.9999941 -2.28115e-5 -0.003441989 -0.9999941 1.47569e-5 -0.003534257 -0.9999938 2.79865e-5 -0.00345987 -0.999994 -2.05442e-5 -0.003452122 -0.999994 -3.18675e-5 0.003437459 0.9999942 -6.65948e-6 0.003439128 0.9999941 8.57552e-6 0.003455996 0.999994 -2.05769e-5 0.003469407 0.999994 -1.89072e-5 -0.003439009 -0.9999941 -1e-6 0.003439307 0.9999941 -7.89627e-6 -0.003439366 -0.9999942 6.54186e-6 -0.003452837 -0.9999941 -3.37268e-5 0.003439009 0.9999941 -6.26093e-6 -0.003534674 -0.9999938 3.21219e-5 -0.003456234 -0.9999941 -2.77116e-5 0.003439247 0.9999941 7.16113e-6 0.003452897 0.9999941 -3.88667e-5 0.003450393 0.9999941 -2.02271e-5 -0.003439366 -0.9999941 -3.77576e-6 0.003439009 0.9999941 6.31029e-6 0.003456354 0.9999941 -2.8994e-5 0.003450393 0.999994 -2.3235e-5 -0.003534853 -0.9999938 -3.23594e-5 -0.003439188 -0.9999941 -5.843e-6 0.003439307 0.9999942 6.52183e-6 0.003456056 0.999994 -2.89894e-5 0.003449976 0.999994 -2.36451e-5 -0.4005697 0.001380443 -0.9162653 -0.4005834 0.001375615 -0.9162594 -0.4005672 0.001381337 -0.9162663 -0.8526809 0.00291115 -0.522424 -0.8526782 0.002911031 -0.5224284 -0.8526816 0.00291121 -0.5224229 -0.9867691 0.003438711 -0.1620952 -0.9867887 0.003406941 -0.161977 -0.9867954 0.003396093 -0.1619365 -0.4008808 0.001399636 -0.9161292 -0.400867 0.001404523 -0.9161353 -0.4008834 0.001398742 -0.916128 -0.8526788 0.002978146 -0.5224271 -0.8526784 0.002991914 -0.5224276 -0.8526782 0.00299555 -0.5224278 -0.9867834 0.003403306 -0.1620097 -0.9867678 0.003424465 -0.162104 -0.9867624 0.003431737 -0.1621363 -0.4005931 0.00136888 -0.9162551 -0.4005654 0.001373708 -0.9162672 -0.4005602 0.001374661 -0.9162694 -0.8526788 0.00293231 -0.5224273 -0.8526773 0.00293231 -0.5224299 -0.8526793 0.00293225 -0.5224267 -0.9867691 0.003435075 -0.1620953 -0.9867885 0.003392755 -0.1619786 -0.9867952 0.003378212 -0.1619386 -0.4004959 0.001378059 -0.9162975 -0.4005534 0.001397907 -0.9162724 -0.4004851 0.001374304 -0.9163023 -0.8526788 0.00293231 -0.5224274 -0.8526759 0.00293231 -0.5224321 -0.8526796 0.00293225 -0.5224261 -0.9867678 0.003438711 -0.1621034 -0.9867833 0.003406941 -0.1620098 -0.9867886 0.003396034 -0.1619778 -0.986783 0.003438591 0.1620106 -0.9867679 0.003406882 0.1621032 -0.9867628 0.003395974 0.162135 -0.8526791 0.002978086 0.5224266 -0.8526788 0.002991735 0.5224269 -0.8526788 0.002995371 0.522427 -0.4005866 0.001400887 0.9162579 -0.4005815 0.00139594 0.9162601 -0.4005876 0.001401782 0.9162575 -0.9867885 0.003446042 0.1619774 -0.9867885 0.003435432 0.1619778 -0.9867885 0.003449678 0.1619772 -0.8526765 0.002991914 0.522431 -0.8526781 0.002978146 0.5224283 -0.852676 0.00299561 0.5224317 -0.4004961 0.001378059 0.9162976 -0.4005514 0.001397967 0.9162732 -0.4005618 0.001401722 0.9162687 -0.9867676 0.003438711 0.1621047 -0.9867833 0.003406941 0.1620097 -0.9867622 0.003449618 0.1621372 -0.8526788 0.002978146 0.5224269 -0.8526787 0.002991914 0.5224272 -0.852679 0.00297445 0.5224269 -0.4005882 0.001395881 0.9162572 -0.4005827 0.001400887 0.9162595 -0.4005817 0.001401841 0.91626 -0.9867886 0.003396093 0.1619777 -0.9867886 0.003396093 0.1619778 -0.9867887 0.003396093 0.1619777 -0.8526783 0.00293225 0.5224281 -0.8526797 0.00293225 0.5224258 -0.8526802 0.00293225 0.5224252 -0.400561 0.001393079 0.9162691 -0.400479 0.001383006 0.9163049 -0.4004637 0.001381099 0.9163117 -0.4005885 0.001400828 -0.916257 -0.4005853 0.00139594 -0.9162585 -0.4005891 0.001401722 -0.9162567 -0.8526771 0.002977967 -0.5224298 -0.8526802 0.002991735 -0.5224248 -0.8526811 0.002995431 -0.5224235 -0.9867679 0.003406882 -0.1621033 -0.986783 0.003438591 -0.1620106 -0.9867628 0.003395974 -0.1621351 -0.9867886 0.003407001 0.1619781 -0.9867693 0.003438711 0.1620947 -0.9867951 0.003396093 0.1619381 -0.8526776 0.002911031 0.5224295 -0.8526811 0.00291115 0.522424 -0.8526818 0.00291121 0.5224225 -0.4005728 0.001398026 0.9162639 -0.4004948 0.001377999 0.9162981 -0.40048 0.001374244 0.9163045 -0.4005515 0.001397967 -0.9162732 -0.4004848 0.001378059 -0.9163025 -0.4005641 0.001401722 -0.9162678 -0.8526768 0.002978146 -0.5224303 -0.8526797 0.002991914 -0.5224255 -0.8526805 0.00299555 -0.5224242 -0.9867883 0.003435492 -0.1619786 -0.9867885 0.003446042 -0.1619774 -0.9867886 0.003449678 -0.1619771 -0.9867677 0.003424465 0.1621041 -0.9867835 0.003403306 0.1620088 -0.9867624 0.003431737 0.1621369 -0.8526765 0.002991914 0.5224308 -0.8526787 0.002978146 0.5224273 -0.4005751 0.001395881 0.9162629 -0.4005724 0.001400768 0.9162641 -0.400572 0.001401722 0.9162644 -0.4004905 0.001371324 -0.9163 -0.4005715 0.001391232 -0.9162644 -0.4004752 0.001367568 -0.9163066 -0.8527669 0.002984881 -0.5222833 -0.8526964 0.002943336 -0.5223985 -0.8527857 0.002995967 -0.5222525 -0.9867835 0.003406941 -0.1620092 -0.9867678 0.003438711 -0.1621035 -0.9867625 0.003449618 -0.1621358 -0.9867884 0.003392755 0.1619793 -0.9867693 0.003435075 0.1620946 -0.9867949 0.003378272 0.1619397 -0.8526766 0.00293231 0.522431 -0.8526784 0.00293231 0.5224281 -0.8526788 0.00293231 0.5224273 -0.4005692 0.001373708 0.9162655 -0.4005908 0.00136888 0.916256 -0.4005652 0.001374661 0.9162673 -0.4004931 0.001383006 -0.9162988 -0.4005488 0.001393079 -0.9162744 -0.4004826 0.001381099 -0.9163033 -0.8526789 0.00293231 -0.5224272 -0.8526765 0.00293231 -0.5224311 -0.9867886 0.003396093 -0.1619776 -0.9867885 0.003396093 -0.1619782 -0.9867885 0.003396093 -0.1619784 -0.9867832 0.003407001 0.1620107 -0.9867678 0.003438711 0.162103 -0.9867883 0.003396093 0.1619791 -0.8526758 0.00293231 0.5224322 -0.8526787 0.00293231 0.5224276 -0.8526795 0.00293231 0.5224263 -0.4005568 0.00139302 0.916271 -0.4004952 0.001383006 0.9162979 -0.4004836 0.001381099 0.9163029 0.986794 -0.003381848 0.1619455 0.9867896 -0.003392457 0.1619716 0.9867955 -0.003378212 0.1619365 0.8526236 -0.002911686 0.5225176 0.8526226 -0.002911686 0.5225192 0.8526223 -0.002911686 0.5225197 0.4007787 -0.001398861 0.9161738 0.4007118 -0.001383781 0.9162032 0.4006992 -0.00138098 0.9162086 0.9867941 -0.003381848 -0.1619451 0.9867898 -0.003392457 -0.1619702 0.9867885 -0.003396034 -0.1619788 0.852626 -0.002911686 -0.5225136 0.8526233 -0.002911686 -0.522518 0.8526268 -0.002911686 -0.5225124 0.4007877 -0.001398801 -0.9161699 0.4007086 -0.001383781 -0.9162046 0.4008027 -0.001401662 -0.9161635 0.9867834 -0.003392696 0.1620094 0.9867675 -0.003435075 0.1621054 0.9867889 -0.003378212 0.1619765 0.8526232 -0.002932786 0.5225182 0.8526225 -0.002932786 0.5225194 0.8526223 -0.002932786 0.5225197 0.4007018 -0.001398503 0.9162075 0.4007707 -0.001384019 0.9161773 0.4006889 -0.001401245 0.9162132 0.9867888 -0.003396034 -0.1619769 0.9867886 -0.003396034 -0.1619783 0.8526255 -0.002932786 -0.5225142 0.8526232 -0.002932786 -0.5225182 0.8526262 -0.002932786 -0.5225132 0.4007014 -0.001398503 -0.9162077 0.4007681 -0.001384019 -0.9161786 0.4007806 -0.001381278 -0.9161731 0.9867885 -0.003396093 0.1619783 0.9867885 -0.003396093 0.1619781 0.9867885 -0.003396093 0.1619784 0.852622 -0.002932786 0.5225201 0.8526236 -0.002932786 0.5225175 0.852624 -0.002932786 0.5225168 0.4006969 -0.001392722 0.9162097 0.4007939 -0.001383125 0.9161672 0.4006786 -0.00139451 0.9162176 0.9867678 -0.003438711 0.1621036 0.9867832 -0.003407001 0.1620106 0.9867625 -0.003449618 0.1621354 0.8526239 -0.002974987 0.5225168 0.8526223 -0.002974987 0.5225194 0.8526243 -0.002974987 0.5225161 0.4007685 -0.001384019 0.9161783 0.4007037 -0.001398503 0.9162066 0.4007807 -0.001381278 0.916173 0.9867889 -0.003396034 -0.1619761 0.9867886 -0.003396093 -0.1619777 0.9867886 -0.003396093 -0.1619783 0.8526245 -0.002932786 -0.5225161 0.8526243 -0.002932786 -0.5225163 0.8526245 -0.002932786 -0.5225161 0.4007059 -0.001392722 -0.9162057 0.4007902 -0.001383125 -0.9161689 0.4008061 -0.001381337 -0.9161619 0.9867889 -0.003449678 -0.1619751 0.9867883 -0.003449678 -0.1619783 0.9867882 -0.003449678 -0.1619794 0.8526223 -0.002974987 -0.5225195 0.8526237 -0.002974987 -0.5225173 0.852624 -0.002975046 -0.5225167 0.4008027 -0.001401662 -0.9161634 0.4008032 -0.001401662 -0.9161632 0.9867889 -0.003449678 0.1619752 0.9867883 -0.003449678 0.1619788 0.9867891 -0.003449678 0.161974 0.8526225 -0.002974987 0.522519 0.852625 -0.002974987 0.522515 0.8526218 -0.002974987 0.5225201 0.4008026 -0.001401662 0.9161635 0.4008021 -0.001401662 0.9161637 0.400802 -0.001401662 0.9161638 0.9862187 -0.003436744 0.1654119 0.9862379 -0.003405094 0.1652975 0.986212 -0.003447651 0.1654512 0.8513478 -0.002939403 0.5245935 0.851293 -0.002980411 0.5246823 0.8513625 -0.002928435 0.5245698 0.4002984 -0.001397013 0.9163838 0.4002291 -0.001382112 0.9164142 0.4002161 -0.001379311 0.9164199 0.9873085 -0.003440558 -0.1587778 0.9873233 -0.003408789 -0.1586857 0.9873284 -0.003397941 -0.1586541 0.8539695 -0.002979695 -0.5203148 0.8539651 -0.002979695 -0.5203219 0.853964 -0.002979695 -0.5203238 0.4012566 -0.001402318 -0.9159647 0.4012551 -0.001397371 -0.9159653 0.4012548 -0.001396477 -0.9159654 0.986768 -0.003438711 0.1621023 0.9867832 -0.003406941 0.1620104 0.9867628 -0.003449559 0.1621338 0.8526238 -0.002974987 0.522517 0.8526229 -0.002974987 0.5225183 0.852624 -0.002974987 0.5225166 0.4007837 -0.001401603 0.9161717 0.4007996 -0.001401662 0.9161647 0.4007807 -0.001401603 0.916173 0.9867887 -0.003449678 0.1619764 0.9867885 -0.003449678 0.1619778 0.9867888 -0.003449678 0.1619759 0.852624 -0.002974987 0.5225166 0.8526229 -0.002974987 0.5225185 0.4006931 -0.001401185 0.9162114 0.4006906 -0.001401245 0.9162124 0.4006902 -0.001401245 0.9162126 0.9867887 -0.003449678 -0.1619762 0.9867886 -0.003449678 -0.1619767 0.9867886 -0.003449678 -0.1619768 0.8526235 -0.002974987 -0.5225175 0.8526215 -0.002974987 -0.5225206 0.852621 -0.002974987 -0.5225214 0.4007839 -0.001401603 -0.9161716 0.400801 -0.001401662 -0.9161642 0.4008042 -0.001401662 -0.9161627 0.9867835 -0.003406941 -0.1620084 0.986768 -0.003438711 -0.1621029 0.9867625 -0.003449618 -0.1621353 0.8526386 -0.002967715 -0.5224928 0.8526922 -0.002940416 -0.5224056 0.8527064 -0.002933084 -0.5223823 0.4006928 -0.001401185 -0.9162115 0.4006883 -0.001401245 -0.9162135 0.4006936 -0.001401185 -0.9162111 0.9867681 -0.003438711 -0.1621024 0.9867833 -0.003406941 -0.16201 0.9867885 -0.003396093 -0.1619783 0.8526243 -0.002974987 -0.522516 0.8526245 -0.002974987 -0.5225159 0.8526245 -0.002974987 -0.5225158 0.4007689 -0.001384019 -0.9161781 0.4007065 -0.001398503 -0.9162055 0.4006947 -0.001401245 -0.9162106 0.003534853 0.9999938 1.34e-5 0.00352776 0.9999939 2.15482e-4 -0.999994 0.00347191 0 -0.999994 0.003479421 0 -0.999994 0.003460824 0 -0.999994 0.003461599 0 -0.9999939 0.003485023 0 -0.9999939 0.003490388 0 -0.999994 0.003476083 0 -0.999994 0.003474771 0 0.003439128 0.9999941 0 -0.999994 0.003477692 0 -0.999994 0.003461062 0 -0.999994 0.00347954 0 0.999994 -0.003472983 0 -0.003459811 -0.9999941 -1.87847e-6 0.003477632 0.999994 0 0.003469288 0.999994 0 -0.999994 0.003469705 0 0.003439426 0.9999941 0 -0.999994 0.003478586 0 -0.999994 0.003464996 1.49371e-6 0.9999941 -0.003454267 0 -0.999994 0.003472328 0 -0.9999939 0.003489375 0 -0.999994 0.003476917 0 -0.003459692 -0.9999941 0 0.999994 -0.00347197 0 -7.76107e-7 0 -1 0.003460645 0.9999941 0 -0.003625273 -0.9999935 0 -0.003499746 -0.999994 0 -0.999994 0.003475189 0 0 0 1 0.999994 -0.003467679 0 0.003470778 0.999994 0 0.003477871 0.999994 0 0.003477871 0.999994 0 -3.76294e-7 0 -1 -3.01033e-6 0 1 1.69897e-6 0 1 0.003439426 0.9999941 0 0.9999941 -0.003459215 0 -0.9999939 0.003494262 0 4.4571e-6 0 1 -0.999994 0.003477275 0 0.00343877 0.9999941 0 0.003444314 0.9999942 1.0485e-5 -0.003410577 -0.9999943 7.58345e-5 -0.00344032 -0.9999941 -1.00493e-5 -0.003461062 -0.999994 7.94661e-5 -0.999994 0.003457546 0 -0.999994 0.003472268 0 -0.003542244 -0.9999937 2.62959e-4 -0.003529667 -0.9999938 9.19532e-5 -0.003496706 -0.9999939 -1.6402e-5 -0.003439247 -0.9999942 -1.50739e-5 -0.003412067 -0.9999943 -2.55452e-5 -0.999994 0.003461718 0 -1.22359e-6 0 1 1.0778e-6 0 -1 -0.999994 0.003473699 0 -0.003469884 -0.999994 4.94251e-5 -0.00341171 -0.9999942 -3.4043e-5 0.003527641 0.9999939 -2.19054e-4 0.003534913 0.9999938 -1.42085e-5 -0.999994 0.003468155 0 0.003469288 0.999994 0 0.003460645 0.9999941 0 0.003470778 0.999994 0 0.003470778 0.999994 0 0.003524482 0.9999939 -2.62202e-5 0.003463685 0.9999941 -1.11025e-5 0.003439605 0.9999941 -3.74628e-5 -0.00349754 -0.999994 -1.72822e-5 -0.003413796 -0.9999942 -2.27044e-5 -0.9999942 0.003418207 0 0.00349766 0.999994 -1.1841e-5 0.003412306 0.9999942 -3.40542e-5 -3.76697e-5 1.31658e-7 -1 0.003542602 0.9999937 2.92145e-4 0.003529608 0.9999939 8.70254e-5 0.999994 -0.003474831 -1.78239e-6 0.003469884 0.999994 5.89785e-5 0.003439784 0.9999942 -1.50696e-5 0.003411829 0.9999943 -3.40455e-5 -1.32211e-6 0 -1 -1.81935e-6 0 1 0.003440558 0.9999941 1.25616e-5 0.003527462 0.9999938 -2.33751e-4 0.00353533 0.9999938 -6.07843e-6 0.003542363 0.9999938 2.59323e-4 0.003529489 0.9999938 9.11582e-5 0.003403067 0.9999943 2.92143e-5 0.003402948 0.9999942 -2.76155e-5 1.28494e-6 0 -1 0.003527462 0.9999938 -2.33724e-4 0.003535628 0.9999938 -6.05818e-6 0.003497719 0.999994 -1.85404e-5 0.003439784 0.9999941 -1.50692e-5 0.003412365 0.9999943 -3.40548e-5 0.003476083 0.999994 0 0.003469944 0.999994 -1.20273e-5 -0.003440916 -0.9999941 1.25616e-5 -0.003528237 -0.9999938 -2.33741e-4 -0.003535151 -0.9999938 -1.74246e-5 -0.9999939 0.003501236 0 -0.9999942 0.003434658 0 0.003497064 0.9999939 -1.60454e-5 0.003439247 0.9999942 -1.53868e-5 0.003412067 0.9999943 -2.55452e-5 -0.003497719 -0.9999939 -1.72832e-5 -0.00341469 -0.9999942 -2.27129e-5 -0.003497958 -0.999994 -1.16155e-5 -0.003412067 -0.9999942 -4.53983e-5 -0.003470003 -0.999994 1.17192e-5 -0.003476083 -0.999994 0 -0.9999942 0.00344491 0 0.003541827 0.9999938 2.33723e-4 0.003529787 0.9999939 9.68583e-5 -0.003402531 -0.9999942 0 -0.003403246 -0.9999943 -4.53951e-5 -0.003554999 -0.9999937 -1.7961e-4 -0.003562927 -0.9999938 -1.66913e-5 -0.003438651 -0.9999942 1.56983e-5 -0.003527283 -0.9999938 -2.11819e-4 -0.003534376 -0.9999938 -1.25856e-5 -0.003497898 -0.9999939 -1.46964e-5 -0.003412961 -0.9999943 -3.40615e-5 -0.9999942 0.003439188 0 -0.003439724 -0.9999941 1.73454e-5 -0.003527462 -0.9999939 -2.33745e-4 -0.003535628 -0.9999938 -5.14703e-5 -0.003472328 -0.999994 1.38301e-5 0.003472566 0.999994 8.53757e-6 -0.003469765 -0.999994 1.23353e-5 -0.003475964 -0.999994 0 0.0034976 0.999994 -1.62362e-5 0.003413677 0.9999942 -2.83774e-5 0.003475964 0.999994 0 0.003469824 0.999994 -1.20266e-5 -0.999994 0.003471612 0 0.003497421 0.999994 -1.53607e-5 0.003440499 0.9999942 -1.25586e-5 0.003413677 0.9999942 -2.27028e-5 -0.003527283 -0.9999939 -2.19138e-4 -0.003534376 -0.9999938 -1.42053e-5 0.003527462 0.9999938 -2.3375e-4 0.003535628 0.9999938 -5.14727e-5 -0.003444314 -0.9999942 -9.86837e-6 -0.00343877 -0.9999941 0 -0.003439545 -0.9999942 1.00464e-5 -0.003402411 -0.9999942 0 -0.003413379 -0.9999942 -2.26975e-4 -0.003496468 -0.9999939 -1.58672e-5 -0.003411352 -0.9999943 -2.55383e-5 -0.00347805 -0.999994 -4.93427e-6 -0.003474771 -0.999994 0 0 0 1 -0.003472328 -0.999994 1.36631e-5 0.003444314 0.9999941 -9.86821e-6 0.00343877 0.9999942 0 0.003477036 0.999994 0 0.003471076 0.999994 -1.35687e-5 -0.003474831 -0.999994 0 -0.003478109 -0.999994 4.93422e-6 0.003472626 0.999994 -1.15926e-5 -2.19828e-7 0 1 0.003471016 0.999994 1.48021e-5 0.003477036 0.999994 0 -0.00347203 -0.999994 1.38299e-5 -0.003477036 -0.999994 0 -0.003471076 -0.999994 -1.29522e-5 0.9999941 -0.003442645 0 0.003472268 0.999994 -1.47928e-5 -0.003472149 -0.999994 -1.35177e-5 2.93113e-7 0 -1 0.003469884 0.999994 1.11023e-5 0.003438711 0.9999942 -1.56983e-5 0.003472447 0.999994 -1.41606e-5 -0.003476023 -0.999994 0 -0.003469765 -0.999994 -1.23353e-5 -5.26635e-7 0 -1 1.23346e-6 0 1 -0.00347805 -0.999994 4.93422e-6 -0.003472566 -0.999994 -1.4144e-5 -0.00347805 -0.999994 -4.93422e-6 -0.003474831 -0.999994 0 -0.003482282 -0.999994 -1.20831e-5 0.003444373 0.9999942 1.17189e-5 0.9999882 -0.003395795 0.003474831 0.003477156 0.999994 -1.03651e-5 0.003471016 0.999994 -1.35686e-5 -0.003472149 -0.999994 0 -0.003466069 -0.999994 -1.51085e-5 6.16803e-7 0 1 0.003476023 0.999994 0 0.003469765 0.999994 -1.141e-5 0.003472506 0.999994 -1.40797e-5 0.9999941 -0.003442645 -1.33016e-5 0.003472208 0.999994 1.46158e-5 0.003469824 0.999994 1.1102e-5 -0.003471076 -0.999994 1.23351e-5 -0.003477036 -0.999994 0 -8.05438e-7 0 1 -0.00347203 -0.999994 1.37395e-5 0.003469944 0.999994 1.20273e-5 -0.003472328 -0.999994 9.96351e-6 0.003479003 0.999994 5.85958e-6 -0.003443539 -0.9999942 -1.04847e-5 -0.003438293 -0.9999941 0 -0.003469765 -0.999994 -1.23353e-5 -1.95408e-7 0 1 5.61796e-7 0 1 0 0 1 0 0 1 -0.003469765 -0.999994 1.23353e-5 0.003466069 0.999994 1.45037e-5 0.003472149 0.999994 0 -5.26657e-7 0 -1 -0.003438293 -0.9999941 0 -0.003443539 -0.9999942 1.04076e-5 0.003469884 0.999994 1.18727e-5 -3.02039e-7 0 1 0.003444373 0.9999942 -1.23357e-5 0.00343877 0.9999941 0 -1.00146e-6 0 1 -0.003476142 -0.999994 0 -0.003470063 -0.999994 -1.18733e-5 -1.11132e-6 0 -1 0.00345993 0.999994 2.21648e-5 -0.003459751 -0.9999941 2.15276e-5 0.003460228 0.9999941 1.67084e-5 -0.00345987 -0.9999941 8.67685e-6 0.003452897 0.9999941 3.59365e-5 0.003455936 0.999994 2.89171e-5 -0.003452897 -0.9999941 3.62976e-5 -0.003459751 -0.9999941 2.15276e-5 0.003459751 0.9999941 2.05606e-5 0.003459811 0.9999941 3.04229e-5 -0.003456115 -0.9999941 2.07302e-5 0.003452718 0.9999941 3.85025e-5 0.003456294 0.9999941 2.89227e-5 -0.003452897 -0.999994 3.62976e-5 -0.003455877 -0.999994 2.81173e-5 -0.003455936 -0.9999941 2.91935e-5 -0.4005859 0.001374721 -0.9162582 -0.8526775 0.002911031 -0.5224296 -0.9867625 0.003449618 -0.1621357 -0.4008644 0.001402795 -0.9161364 -0.8526789 0.00297445 -0.5224269 -0.9867886 0.003396093 -0.1619774 -0.4005984 0.001367926 -0.9162528 -0.8526769 0.00293231 -0.5224305 -0.9867626 0.003449618 -0.1621353 -0.4005643 0.001401662 -0.9162676 -0.8526752 0.00293231 -0.5224334 -0.9867625 0.003449618 -0.1621355 -0.9867883 0.003449499 0.1619789 -0.8526793 0.00297445 0.5224265 -0.4005805 0.001395046 0.9162606 -0.9867885 0.003431797 0.1619779 -0.8526785 0.00297445 0.5224275 -0.4004856 0.001374304 0.916302 -0.9867887 0.003396093 0.1619772 -0.8526786 0.00299555 0.5224273 -0.4005893 0.001394927 0.9162567 -0.9867886 0.003396093 0.161978 -0.852678 0.00293225 0.5224288 -0.4005764 0.001394927 0.9162623 -0.4005846 0.001395046 -0.9162588 -0.8526763 0.002974331 -0.5224312 -0.9867882 0.003449499 -0.1619789 -0.9867626 0.003449559 0.1621347 -0.8526766 0.002911031 0.522431 -0.4004722 0.001374363 -0.9163079 -0.852676 0.00297451 -0.5224316 -0.9867883 0.003431856 -0.1619789 -0.9867889 0.003396034 0.1619761 -0.8526793 0.00297445 0.5224264 -0.4005756 0.001394927 0.9162626 -0.4005869 0.001394927 -0.9162577 -0.8526775 0.00293231 -0.5224293 -0.9867888 0.003396093 -0.1619768 -0.9867627 0.003449559 0.1621341 -0.852676 0.00293231 0.5224318 -0.4005949 0.001367926 0.9162543 -0.4005593 0.001394987 -0.9162698 -0.8526759 0.00293231 -0.5224322 -0.9867888 0.003396093 -0.1619774 -0.8526751 0.00293231 0.5224335 -0.4005683 0.001394867 0.9162659 0.9867882 -0.003396093 0.1619806 0.8526239 -0.002911686 0.5225172 0.4007913 -0.001401662 0.9161684 0.9867955 -0.003378212 -0.1619365 0.8526226 -0.002911686 -0.5225193 0.4006936 -0.00138098 -0.9162111 0.9867621 -0.003449618 0.1621383 0.8526234 -0.002932786 0.5225179 0.4007837 -0.001381278 0.9161717 0.9867889 -0.003396093 -0.1619765 0.8526225 -0.002932786 -0.5225193 0.4006889 -0.001401245 -0.9162132 0.9867886 -0.003396093 0.161978 0.8526216 -0.002932786 0.5225208 0.4008122 -0.001381337 0.9161592 0.9867885 -0.003396093 0.1619788 0.8526218 -0.002974987 0.5225201 0.4006915 -0.001401245 0.916212 0.9867889 -0.003396034 -0.1619756 0.8526243 -0.002932786 -0.5225164 0.40069 -0.00139451 -0.9162127 0.9867891 -0.003449678 -0.161974 0.8526218 -0.002974987 -0.5225201 0.4008032 -0.001401662 -0.9161632 0.986788 -0.003449678 0.16198 0.8526257 -0.002974987 0.522514 0.4008027 -0.001401662 0.9161635 0.9862446 -0.003394186 0.1652582 0.8512784 -0.002991378 0.524706 0.4003115 -0.001399874 0.916378 0.9873032 -0.003451466 -0.1588094 0.8539705 -0.002979695 -0.5203129 0.4012569 -0.001403272 -0.9159646 0.9867885 -0.003396093 0.1619789 0.8526226 -0.002974987 0.5225188 0.4008027 -0.001401662 0.9161635 0.9867883 -0.003449738 0.1619783 0.8526225 -0.002974987 0.522519 0.4006936 -0.001401185 0.9162111 0.9867888 -0.003449678 -0.1619761 0.852624 -0.002974987 -0.5225166 0.4007807 -0.001401603 -0.916173 0.9867889 -0.003396034 -0.1619759 0.8526243 -0.002974987 -0.5225161 0.4006875 -0.001401245 -0.9162138 0.9867628 -0.003449559 -0.1621341 0.4007807 -0.001381278 -0.916173 0.003496825 0.9999939 -1.60445e-5 0.003411173 0.9999942 -2.55356e-5</float_array>
          <technique_common>
            <accessor source="#Cube_001_Cube_002-mesh-normals-array" count="1581" stride="3">
              <param name="X" type="float"/>
              <param name="Y" type="float"/>
              <param name="Z" type="float"/>
            </accessor>
          </technique_common>
        </source>
        <source id="Cube_001_Cube_002-mesh-map-0">
          <float_array id="Cube_001_Cube_002-mesh-map-0-array" count="9984">0.02564096 0.26213 0.01060998 0.270804 0.02564096 0.270804 0.388335 0.09176498 0.402997 0.100974 0.388335 0.100974 0.05623197 0.26213 0.04140096 0.270804 0.05623197 0.270804 0.381727 0.26213 0.05623197 0.270804 0.381727 0.270804 0.352685 0.192682 0.368399 0.16101 0.352685 0.16101 0.41952 0.998512 0.462338 0.986086 0.41952 0.986086 0.007635951 0.342218 0.02506995 0.375285 0.02506995 0.342218 0.388335 0.445331 0.402998 0.453793 0.388335 0.453793 1.54e-4 0.21257 0.002522945 0.205919 1.54e-4 0.205919 1.54e-4 0.490472 0.002522945 0.483234 1.54e-4 0.483234 0.02564096 0.623807 0.01060998 0.633247 0.02564096 0.633247 0.05623197 0.623807 0.04140096 0.633247 0.05623197 0.633247 0.381727 0.623807 0.05623197 0.633247 0.381727 0.633247 0.403092 0.387851 0.389957 0.433114 0.389957 0.387851 0.634561 0.783341 0.629303 0.736192 0.634561 0.736192 0.04140096 0.623807 0.02564096 0.633247 0.04140096 0.633247 0.380105 0.425 0.009936988 0.458995 0.009936988 0.425 0.02799695 0.997534 0.068578 0.984719 0.02799695 0.984719 0.04140096 0.26213 0.02564096 0.270804 0.04140096 0.270804 0.26753 0.998085 0.247859 0.986289 0.26753 0.986289 0.699236 0.998809 0.26753 0.986289 0.699236 0.986289 0.705061 0.986328 0.248005 0.998147 0.248005 0.986328 0.248005 0.998147 0.227179 0.986328 0.248005 0.986328 0.227179 0.998147 0.205049 0.986328 0.227179 0.986328 0.247859 0.998085 0.226956 0.986289 0.247859 0.986289 0.385097 0.192682 0.368399 0.16101 0.368399 0.192682 0.403244 0.537873 0.389989 0.579847 0.389989 0.537873 0.384645 0.342218 0.02458399 0.375285 0.384645 0.375285 0.352864 0.271311 0.368544 0.239709 0.368544 0.271311 0.03305196 0.469192 0.05630099 0.513288 0.03305196 0.513288 0.008752942 0.271311 0.352864 0.239709 0.352864 0.271311 0.385205 0.271311 0.368544 0.239709 0.385205 0.239709 0.007814943 0.192682 0.352685 0.16101 0.007814943 0.16101 0.389076 0.151977 0.402293 0.127996 0.402293 0.151977 0.389002 0.09623998 0.402895 0.120282 0.402895 0.09623998 1.2e-4 0.518587 0.002718985 0.526529 1.2e-4 0.526529 0.389078 0.667813 0.402438 0.65447 0.402438 0.667813 0.388957 0.145702 0.402827 0.169385 0.402827 0.145702 0.389076 0.669828 0.402293 0.174544 0.402293 0.669828 0.388957 0.120535 0.402827 0.145702 0.402827 0.120535 0.402293 0.174544 0.389076 0.151977 0.402293 0.151977 0.389078 0.111474 0.402438 0.09695398 0.402438 0.111474 0.402488 0.128071 0.389062 0.104837 0.402488 0.104837 0.402827 0.169385 0.388957 0.689165 0.402827 0.689165 0.413056 0.02426397 0.427716 0.01077497 0.413056 0.01077497 0.975934 0.02426397 0.989405 0.01077497 0.975934 0.01077497 1.2e-4 0.214281 0.002718985 0.22158 1.2e-4 0.22158 8.8e-5 0.254973 0.002560973 0.248021 0.002560973 0.254973 1.81e-4 0.352966 0.002433955 0.359299 0.002433955 0.352966 0.352685 0.480685 0.007814943 0.435884 0.007814943 0.480685 0.352685 0.429484 0.007814943 0.435884 0.352685 0.435884 0.352685 0.429484 0.007814943 0.384684 0.007814943 0.429484 8.8e-5 0.366176 0.002560973 0.40002 8.8e-5 0.40002 8.8e-5 0.361341 0.002560973 0.366176 8.8e-5 0.366176 8.8e-5 0.361341 0.002560973 0.327497 0.002560973 0.361341 0.388241 0.682607 0.402909 0.723871 0.388241 0.723871 0.388241 0.676713 0.402909 0.682607 0.388241 0.682607 0.388241 0.635449 0.402909 0.676713 0.388241 0.676713 0.313756 0.067559 0.389446 0.05066198 0.389446 0.067559 0.302943 0.067559 0.313756 0.05066198 0.313756 0.067559 0.227252 0.067559 0.302943 0.05066198 0.302943 0.067559 0.352864 0.558681 0.368544 0.513979 0.368544 0.558681 0.352864 0.507593 0.368544 0.513979 0.352864 0.513979 0.352864 0.507593 0.368544 0.462891 0.368544 0.507593 0.385097 0.435884 0.368399 0.480685 0.385097 0.480685 0.385097 0.429484 0.368399 0.435884 0.385097 0.435884 0.385097 0.429484 0.368399 0.384684 0.368399 0.429484 0.008752942 0.558681 0.352864 0.513979 0.352864 0.558681 0.008752942 0.507593 0.352864 0.513979 0.008752942 0.513979 0.008752942 0.462891 0.352864 0.507593 0.008752942 0.507593 0.368399 0.480685 0.352685 0.435884 0.352685 0.480685 0.368399 0.429484 0.352685 0.435884 0.368399 0.435884 0.368399 0.384684 0.352685 0.429484 0.368399 0.429484 0.389446 0.714986 0.313756 0.699458 0.389446 0.699458 0.302943 0.714986 0.313756 0.699458 0.313756 0.714986 0.227252 0.714986 0.302943 0.699458 0.302943 0.714986 0.40295 0.723833 0.388397 0.68289 0.388397 0.723833 0.40295 0.68289 0.388397 0.677041 0.388397 0.68289 0.40295 0.636099 0.388397 0.677041 0.40295 0.677041 0.368544 0.513979 0.385205 0.558681 0.368544 0.558681 0.368544 0.507593 0.385205 0.513979 0.368544 0.513979 0.368544 0.507593 0.385205 0.462891 0.385205 0.507593 1.81e-4 0.425363 0.002433955 0.456193 0.002433955 0.425363 1.81e-4 0.456193 0.002433955 0.460597 0.002433955 0.456193 1.81e-4 0.491427 0.002433955 0.460597 1.81e-4 0.460597 0.975934 0.230646 0.989405 0.164979 0.975934 0.164979 0.975934 0.240027 0.989405 0.230646 0.975934 0.230646 0.975934 0.305694 0.989405 0.240027 0.975934 0.240027 0.413056 0.230646 0.427716 0.164979 0.413056 0.164979 0.413056 0.240027 0.427716 0.230646 0.413056 0.230646 0.413056 0.305694 0.427716 0.240027 0.413056 0.240027 0.352685 0.339883 0.007814943 0.384684 0.352685 0.384684 0.352685 0.339883 0.007814943 0.333483 0.007814943 0.339883 0.352685 0.288683 0.007814943 0.333483 0.352685 0.333483 8.8e-5 0.472543 0.002560973 0.438699 0.002560973 0.472543 8.8e-5 0.433864 0.002560973 0.438699 8.8e-5 0.438699 8.8e-5 0.40002 0.002560973 0.433864 8.8e-5 0.433864 0.388342 0.682175 0.40314 0.723804 0.388342 0.723804 0.388342 0.682175 0.40314 0.676228 0.40314 0.682175 0.388342 0.676228 0.40314 0.634599 0.40314 0.676228 0.310449 0.04778099 0.389278 0.030182 0.389278 0.04778099 0.299188 0.04778099 0.310449 0.030182 0.310449 0.04778099 0.220358 0.04778099 0.299188 0.030182 0.299188 0.04778099 0.352864 0.462891 0.368544 0.418189 0.368544 0.462891 0.352864 0.411803 0.368544 0.418189 0.352864 0.418189 0.352864 0.411803 0.368544 0.367101 0.368544 0.411803 0.385097 0.384684 0.368399 0.339883 0.368399 0.384684 0.385097 0.333483 0.368399 0.339883 0.385097 0.339883 0.385097 0.333483 0.368399 0.288683 0.368399 0.333483 0.008752942 0.418189 0.352864 0.462891 0.008752942 0.462891 0.008752942 0.411803 0.352864 0.418189 0.008752942 0.418189 0.008752942 0.411803 0.352864 0.367101 0.352864 0.411803 0.368399 0.339883 0.352685 0.384684 0.368399 0.384684 0.368399 0.339883 0.352685 0.333483 0.352685 0.339883 0.368399 0.288683 0.352685 0.333483 0.368399 0.333483 0.310449 0.722056 0.389279 0.705884 0.389279 0.722056 0.299188 0.722056 0.310449 0.705884 0.310449 0.722056 0.220358 0.722056 0.299188 0.705884 0.299188 0.722056 0.403225 0.681533 0.388252 0.723656 0.403225 0.723656 0.403225 0.675515 0.388252 0.681533 0.403225 0.681533 0.403225 0.633392 0.388252 0.675515 0.403225 0.675515 0.368544 0.462891 0.385205 0.418189 0.385205 0.462891 0.368544 0.411803 0.385205 0.418189 0.368544 0.418189 0.368544 0.367101 0.385205 0.411803 0.368544 0.411803 1.81e-4 0.522257 0.002433955 0.491427 1.81e-4 0.491427 1.81e-4 0.526661 0.002433955 0.522257 1.81e-4 0.522257 1.81e-4 0.557491 0.002433955 0.526661 1.81e-4 0.526661 0.975934 0.371361 0.989405 0.305694 0.975934 0.305694 0.975934 0.380742 0.989405 0.371361 0.975934 0.371361 0.975934 0.446409 0.989405 0.380742 0.975934 0.380742 0.413056 0.371361 0.427716 0.305694 0.413056 0.305694 0.413056 0.380742 0.427716 0.371361 0.413056 0.371361 0.413056 0.446409 0.427716 0.380742 0.413056 0.380742 8.8e-5 0.511179 0.002560973 0.545067 8.8e-5 0.545067 8.8e-5 0.506344 0.002560973 0.511179 8.8e-5 0.511179 8.8e-5 0.506344 0.002560973 0.472543 0.002560973 0.506344 0.413056 0.51199 0.427716 0.446409 0.413056 0.446409 0.413056 0.521371 0.427716 0.51199 0.413056 0.51199 0.427716 0.587124 0.413056 0.521371 0.413056 0.587124 0.975934 0.51199 0.989405 0.446409 0.975934 0.446409 0.975934 0.521371 0.989405 0.51199 0.975934 0.51199 0.989405 0.587124 0.975934 0.521371 0.975934 0.587124 1.81e-4 0.557491 0.002433955 0.588281 0.002433955 0.557491 1.81e-4 0.588281 0.002433955 0.592685 0.002433955 0.588281 1.81e-4 0.623555 0.002433955 0.592685 1.81e-4 0.592685 0.368544 0.322457 0.385205 0.367101 0.368544 0.367101 0.368544 0.322457 0.385205 0.316071 0.385205 0.322457 0.385205 0.271311 0.368544 0.316071 0.368544 0.271311 0.40297 0.723673 0.388392 0.682714 0.388392 0.723673 0.40297 0.676855 0.388392 0.682714 0.40297 0.682714 0.40297 0.63579 0.388392 0.676855 0.40297 0.676855 0.309934 0.713672 0.389408 0.697347 0.389408 0.713672 0.298566 0.713672 0.309934 0.697347 0.309934 0.713672 0.218886 0.697347 0.298566 0.713672 0.218886 0.713672 0.368399 0.2439399 0.352685 0.288683 0.368399 0.288683 0.368399 0.2439399 0.352685 0.23754 0.352685 0.2439399 0.368399 0.192682 0.352685 0.23754 0.368399 0.23754 0.008752942 0.322457 0.352864 0.367101 0.008752942 0.367101 0.008752942 0.322457 0.352864 0.316071 0.352864 0.322457 0.008752942 0.271311 0.352864 0.316071 0.008752942 0.316071 0.385097 0.2439399 0.368399 0.288683 0.385097 0.288683 0.385097 0.23754 0.368399 0.2439399 0.385097 0.2439399 0.368399 0.192682 0.385097 0.23754 0.385097 0.192682 0.352864 0.367101 0.368544 0.322457 0.368544 0.367101 0.352864 0.322457 0.368544 0.316071 0.368544 0.322457 0.352864 0.271311 0.368544 0.316071 0.352864 0.316071 0.309934 0.03299897 0.389408 0.01523399 0.389408 0.03299897 0.298566 0.03299897 0.309934 0.01523399 0.309934 0.03299897 0.218885 0.01523399 0.298566 0.03299897 0.218885 0.03299897 0.388312 0.682584 0.402984 0.723805 0.388312 0.723805 0.388312 0.676688 0.402984 0.682584 0.388312 0.682584 0.388312 0.63536 0.402984 0.676688 0.388312 0.676688 0.352685 0.288683 0.007814943 0.2439399 0.007814943 0.288683 0.352685 0.2439399 0.007814943 0.23754 0.007814943 0.2439399 0.352685 0.192682 0.007814943 0.23754 0.352685 0.23754 0.352685 0.531886 0.007814943 0.576686 0.352685 0.576686 0.352685 0.531886 0.007814943 0.525485 0.007814943 0.531886 0.352685 0.525485 0.007814943 0.480685 0.007814943 0.525485 0.388109 0.723364 0.40302 0.681417 0.40302 0.723364 0.388109 0.681417 0.40302 0.675425 0.40302 0.681417 0.388109 0.675425 0.40302 0.633478 0.40302 0.675425 0.308321 0.02771395 0.388665 0.009776949 0.388665 0.02771395 0.296844 0.02771395 0.308321 0.009776949 0.308321 0.02771395 0.2165 0.02771395 0.296844 0.009776949 0.296844 0.02771395 0.352864 0.654471 0.368544 0.609769 0.368544 0.654471 0.352864 0.603383 0.368544 0.609769 0.352864 0.609769 0.352864 0.603383 0.368544 0.558681 0.368544 0.603383 0.385097 0.576686 0.368399 0.531886 0.368399 0.576686 0.385097 0.525485 0.368399 0.531886 0.385097 0.531886 0.385097 0.480685 0.368399 0.525485 0.385097 0.525485 0.008752942 0.654471 0.352864 0.609769 0.352864 0.654471 0.008752942 0.603383 0.352864 0.609769 0.008752942 0.609769 0.008752942 0.558681 0.352864 0.603383 0.008752942 0.603383 0.368399 0.531886 0.352685 0.576686 0.368399 0.576686 0.368399 0.531886 0.352685 0.525485 0.352685 0.531886 0.368399 0.480685 0.352685 0.525485 0.368399 0.525485 0.308321 0.714943 0.388665 0.69846 0.388665 0.714943 0.296844 0.714943 0.308321 0.69846 0.308321 0.714943 0.2165 0.714943 0.296844 0.69846 0.296844 0.714943 0.403159 0.723317 0.388405 0.681812 0.388405 0.723317 0.403159 0.681812 0.388405 0.675883 0.388405 0.681812 0.403159 0.675883 0.388405 0.634378 0.388405 0.675883 0.368544 0.609769 0.385205 0.654471 0.368544 0.654471 0.368544 0.603383 0.385205 0.609769 0.368544 0.609769 0.368544 0.558681 0.385205 0.603383 0.368544 0.603383 1.81e-4 0.390129 0.002433955 0.359299 1.81e-4 0.359299 1.81e-4 0.390129 0.002433955 0.394533 0.002433955 0.390129 1.81e-4 0.394533 0.002433955 0.425363 0.002433955 0.394533 0.975934 0.08993095 0.989405 0.02426397 0.975934 0.02426397 0.975934 0.099312 0.989405 0.08993095 0.975934 0.08993095 0.975934 0.164979 0.989405 0.099312 0.975934 0.099312 0.413056 0.08993095 0.427716 0.02426397 0.413056 0.02426397 0.413056 0.099312 0.427716 0.08993095 0.413056 0.08993095 0.413056 0.164979 0.427716 0.099312 0.413056 0.099312 8.8e-5 0.327497 0.002560973 0.293652 0.002560973 0.327497 8.8e-5 0.288818 0.002560973 0.293652 8.8e-5 0.293652 8.8e-5 0.288818 0.002560973 0.254973 0.002560973 0.288818 0.525097 0.099312 0.701825 0.08993095 0.525097 0.08993095 0.879812 0.08993095 0.975934 0.099312 0.975934 0.08993095 0.525097 0.08993095 0.427716 0.02426397 0.427716 0.08993095 0.525097 0.08993095 0.701825 0.02426397 0.525097 0.02426397 0.879812 0.02426397 0.975934 0.08993095 0.975934 0.02426397 0.2165 0.02771395 0.296844 0.02771395 0.296844 0.1071439 0.296844 0.539599 0.296844 0.548425 0.2165 0.580855 0.2165 0.580855 0.296844 0.610204 0.296844 0.61903 0.388665 0.69846 0.308321 0.69846 0.308321 0.61903 0.308321 0.539599 0.308321 0.363087 0.388665 0.363087 0.308321 0.1071439 0.388665 0.02771395 0.388665 0.14686 0.296844 0.69846 0.308321 0.61903 0.308321 0.69846 0.626152 0.722869 0.630765 0.722869 0.657963 0.750068 0.673866 0.730763 0.67099 0.741496 0.674631 0.753857 0.296844 0.363087 0.308321 0.1865749 0.308321 0.363087 0.296844 0.1071439 0.308321 0.02771395 0.308321 0.1071439 0.389408 0.697347 0.309934 0.697347 0.309934 0.618674 0.218885 0.365173 0.298566 0.365173 0.298566 0.540001 0.218885 0.03299897 0.298566 0.03299897 0.298566 0.111672 0.04140096 0.332698 0.05623197 0.270804 0.04140096 0.270804 0.309934 0.540001 0.309934 0.365173 0.389408 0.365173 0.309934 0.111672 0.389408 0.03299897 0.389408 0.151008 0.298566 0.697347 0.309934 0.618674 0.309934 0.697347 0.89217 0.689156 0.879482 0.685756 0.875178 0.700368 0.632119 0.70183 0.628588 0.715008 0.633059 0.730184 0.298566 0.365173 0.309934 0.190345 0.309934 0.365173 0.298566 0.03299897 0.309934 0.111672 0.298566 0.111672 0.975934 0.587124 0.879812 0.521371 0.879812 0.587124 0.701825 0.587124 0.525097 0.521371 0.525097 0.587124 0.525097 0.587124 0.427716 0.521371 0.427716 0.587124 0.525097 0.521371 0.427716 0.51199 0.427716 0.521371 0.525097 0.521371 0.701825 0.51199 0.525097 0.51199 0.975934 0.521371 0.879812 0.51199 0.879812 0.521371 0.525097 0.51199 0.427716 0.446409 0.427716 0.51199 0.525097 0.51199 0.701825 0.446409 0.525097 0.446409 0.975934 0.51199 0.879812 0.446409 0.879812 0.51199 0.525097 0.446409 0.427716 0.380742 0.427716 0.446409 0.525097 0.446409 0.701825 0.380742 0.525097 0.380742 0.975934 0.446409 0.879812 0.380742 0.879812 0.446409 0.525097 0.380742 0.427716 0.371361 0.427716 0.380742 0.525097 0.380742 0.701825 0.371361 0.525097 0.371361 0.975934 0.380742 0.879812 0.371361 0.879812 0.380742 0.525097 0.371361 0.427716 0.305694 0.427716 0.371361 0.525097 0.371361 0.701825 0.305694 0.525097 0.305694 0.975934 0.371361 0.879812 0.305694 0.879812 0.371361 0.220358 0.04778099 0.299188 0.04778099 0.299188 0.125714 0.299188 0.550017 0.299188 0.558677 0.220358 0.590496 0.220358 0.590496 0.299188 0.619291 0.299188 0.627951 0.389279 0.705884 0.310449 0.705884 0.310449 0.627951 0.310449 0.550017 0.310449 0.376832 0.389279 0.376832 0.310449 0.125714 0.389278 0.04778099 0.389278 0.16468 0.299188 0.705884 0.310449 0.627951 0.310449 0.705884 0.783539 0.734277 0.828545 0.844563 0.783539 0.844563 0.730997 0.805429 0.712686 0.757056 0.712686 0.805429 0.299188 0.376832 0.310449 0.203647 0.310449 0.376832 0.299188 0.04778099 0.310449 0.125714 0.299188 0.125714 0.975934 0.305694 0.879812 0.240027 0.879812 0.305694 0.525097 0.305694 0.701825 0.240027 0.525097 0.240027 0.525097 0.305694 0.427716 0.240027 0.427716 0.305694 0.525097 0.240027 0.427716 0.230646 0.427716 0.240027 0.525097 0.240027 0.701825 0.230646 0.525097 0.230646 0.975934 0.240027 0.879812 0.230646 0.879812 0.240027 0.525097 0.230646 0.427716 0.164979 0.427716 0.230646 0.525097 0.230646 0.701825 0.164979 0.525097 0.164979 0.975934 0.230646 0.879812 0.164979 0.879812 0.230646 0.227252 0.067559 0.302943 0.067559 0.302943 0.1423889 0.302943 0.549798 0.302943 0.558112 0.227252 0.588664 0.227252 0.588664 0.302943 0.616313 0.302943 0.624628 0.389446 0.699458 0.313756 0.699458 0.313756 0.624628 0.313756 0.549798 0.313756 0.383509 0.389446 0.383509 0.313756 0.1423889 0.389446 0.067559 0.389446 0.179804 0.302943 0.699458 0.313756 0.624628 0.313756 0.699458 0.628032 0.692765 0.624446 0.706147 0.628986 0.721558 0.670838 0.715126 0.682714 0.711944 0.686743 0.725621 0.302943 0.383509 0.313756 0.2172189 0.313756 0.383509 0.302943 0.067559 0.313756 0.1423889 0.302943 0.1423889 1.2e-4 0.22158 0.002718985 0.273655 1.2e-4 0.273655 1.2e-4 0.370083 0.002718985 0.465829 1.2e-4 0.465829 0.427716 0.02426397 0.525097 0.01077497 0.427716 0.01077497 0.218886 0.580864 0.298566 0.609933 0.298566 0.618674 0.525097 0.02426397 0.701825 0.01077497 0.525097 0.01077497 0.975934 0.02426397 0.879812 0.01077497 0.879812 0.02426397 1.54e-4 0.483234 0.002522945 0.435155 1.54e-4 0.435155 1.54e-4 0.260027 0.002522945 0.347902 0.002522945 0.260027 1.54e-4 0.260027 0.002522945 0.21257 1.54e-4 0.21257 0.389078 0.559264 0.402438 0.65447 0.389078 0.65447 0.389078 0.559264 0.402438 0.382972 0.402438 0.559264 0.389078 0.111474 0.402438 0.207927 0.389078 0.207927 0.01038295 0.383684 0.07597696 0.352005 0.07597696 0.383684 0.197437 0.383684 0.318038 0.352005 0.318038 0.383684 0.318038 0.383684 0.384491 0.352005 0.384491 0.383684 0.403669 0.986188 0.350478 0.998769 0.350478 0.986188 0.5002 0.998769 0.597419 0.986188 0.597419 0.998769 0.597419 0.998769 0.649922 0.986188 0.649922 0.998769 0.02564096 0.332698 0.04140096 0.270804 0.02564096 0.270804 0.04140096 0.561103 0.02564096 0.447306 0.02564096 0.561103 0.02564096 0.561103 0.04140096 0.623807 0.04140096 0.561103 0.07461196 0.302744 0.007558941 0.319597 0.007558941 0.302744 0.1963019 0.319597 0.318859 0.302744 0.318859 0.319597 0.318859 0.302744 0.385045 0.319597 0.318859 0.319597 0.402997 0.384954 0.388335 0.445331 0.388335 0.384954 0.388335 0.273153 0.402997 0.384954 0.388335 0.384954 0.388335 0.162143 0.402997 0.100974 0.402997 0.162143 0.315677 0.184538 0.38038 0.524807 0.315677 0.524807 0.525097 0.099312 0.427716 0.08993095 0.427716 0.099312 0.195868 0.524807 0.315677 0.184538 0.315677 0.524807 0.07690596 0.184538 0.01135599 0.524807 0.01135599 0.184538 0.910012 0.710919 0.913304 0.723204 0.909136 0.736214 0.01060998 0.332698 0.02564096 0.270804 0.01060998 0.270804 0.888344 0.783341 0.634561 0.736192 0.888344 0.736192 0.641144 0.698444 0.637744 0.711131 0.642048 0.725743 0.02564096 0.447306 0.01060998 0.561103 0.02564096 0.561103 0.01060998 0.561103 0.02564096 0.623807 0.02564096 0.561103 0.04140096 0.561103 0.05623197 0.623807 0.05623197 0.561103 0.749147 0.78495 0.745665 0.753731 0.749147 0.753731 0.908814 0.693609 0.912458 0.707208 0.907844 0.722869 0.900127 0.741272 0.754768 0.80059 0.900127 0.80059 0.05623197 0.561103 0.04140096 0.447306 0.04140096 0.561103 0.6828 0.708446 0.693421 0.705601 0.697024 0.717831 0.05623197 0.332698 0.381727 0.270804 0.05623197 0.270804 0.381727 0.561103 0.05623197 0.623807 0.381727 0.623807 0.296844 0.580855 0.308321 0.548425 0.308321 0.580855 0.298566 0.580864 0.309934 0.548743 0.309934 0.580864 0.05623197 0.561103 0.381727 0.447306 0.05623197 0.447306 0.525097 0.164979 0.427716 0.099312 0.427716 0.164979 0.075392 0.395454 0.008861958 0.363738 0.008861958 0.395454 0.299188 0.590496 0.310449 0.558677 0.310449 0.590496 0.302943 0.588664 0.313756 0.558112 0.313756 0.588664 0.196131 0.395454 0.317729 0.363738 0.196131 0.363738 0.296844 0.11597 0.308321 0.14686 0.296844 0.14686 0.317729 0.363738 0.383399 0.395454 0.383399 0.363738 0.525097 0.164979 0.701825 0.099312 0.525097 0.099312 0.298566 0.120413 0.309934 0.151008 0.298566 0.151008 0.299188 0.134373 0.310449 0.16468 0.299188 0.16468 0.302943 0.150704 0.313756 0.179804 0.302943 0.179804 0.975934 0.164979 0.879812 0.099312 0.879812 0.164979 0.730997 0.757056 0.712686 0.805429 0.712686 0.757056 0.878072 0.743033 0.88053 0.752205 0.877418 0.762769 0.642815 0.762922 0.631397 0.793084 0.642815 0.793084 0.651512 0.771425 0.640181 0.801357 0.640181 0.771425 0.651512 0.771425 0.640181 0.801357 0.651512 0.801357 0.637977 0.789278 0.626146 0.758027 0.637977 0.758027 0.637977 0.789278 0.626146 0.758027 0.626146 0.789278 0.637727 0.753731 0.62686 0.78495 0.62686 0.753731 0.638678 0.753731 0.62686 0.78495 0.638678 0.78495 0.727699 0.746068 0.710386 0.791802 0.710386 0.746068 0.732652 0.783341 0.714804 0.736192 0.732652 0.736192 0.726757 0.791487 0.709989 0.747194 0.726757 0.747194 0.639751 0.683654 0.65335 0.68001 0.657963 0.695671 0.64787 0.704765 0.660616 0.701349 0.664941 0.716029 0.653081 0.708067 0.665281 0.704798 0.66942 0.718848 0.726757 0.791487 0.709989 0.747194 0.709989 0.791487 0.666934 0.701925 0.67922 0.698633 0.683388 0.712782 0.897153 0.698538 0.900649 0.711584 0.896223 0.726608 0.658962 0.749372 0.662991 0.749372 0.686743 0.773124 0.883516 0.722156 0.873067 0.719357 0.869523 0.73139 0.890728 0.805429 0.630361 0.757056 0.890728 0.757056 0.919372 0.771425 0.758267 0.801357 0.758267 0.771425 0.920666 0.78495 0.917185 0.753731 0.920666 0.753731 0.905808 0.72382 0.90899 0.735696 0.904961 0.749372 0.877957 0.791487 0.873018 0.747194 0.877957 0.747194 0.642815 0.762922 0.631397 0.793084 0.631397 0.762922 0.676787 0.729805 0.673988 0.740254 0.677532 0.752287 0.727699 0.746068 0.710386 0.791802 0.727699 0.791802 0.732652 0.783341 0.714804 0.736192 0.714804 0.783341 0.628648 0.708155 0.625235 0.720893 0.629556 0.735563 0.628588 0.730184 0.659415 0.756541 0.633059 0.730184 0.749744 0.793084 0.74638 0.762922 0.749744 0.762922 0.639031 0.688987 0.652077 0.685491 0.656503 0.700516 0.632552 0.791802 0.627452 0.746068 0.632552 0.746068 0.896122 0.805429 0.890728 0.757056 0.896122 0.757056 0.886229 0.722905 0.875496 0.720029 0.871854 0.73239 0.881708 0.72647 0.87145 0.723721 0.867969 0.734585 0.917185 0.753731 0.749147 0.78495 0.749147 0.753731 0.892111 0.718295 0.88076 0.715254 0.87691 0.728326 0.678734 0.73398 0.675985 0.744239 0.679465 0.756053 0.916809 0.758027 0.748598 0.789278 0.748598 0.758027 0.630361 0.805429 0.624966 0.757056 0.630361 0.757056 0.880677 0.69883 0.867939 0.695417 0.863617 0.710087 0.69843 0.719357 0.69843 0.73139 0.719327 0.752287 0.880646 0.68001 0.880646 0.695671 0.853448 0.722869 0.637744 0.725743 0.667423 0.751118 0.642048 0.725743 0.892926 0.716221 0.895772 0.726841 0.892169 0.739072 0.635123 0.741523 0.639447 0.741523 0.664941 0.767017 0.634606 0.791487 0.629667 0.747194 0.634606 0.747194 0.894459 0.716998 0.897728 0.729197 0.893589 0.743247 0.920294 0.789278 0.916809 0.758027 0.920294 0.758027 0.883817 0.791802 0.878717 0.746068 0.883817 0.746068 0.916357 0.817796 0.760439 0.754169 0.916357 0.754169 0.92271 0.801357 0.919372 0.771425 0.92271 0.771425 0.748598 0.789278 0.745113 0.758027 0.748598 0.758027 0.915456 0.793084 0.912093 0.762922 0.915456 0.762922 0.892851 0.692183 0.879673 0.688652 0.875202 0.703828 0.729449 0.707335 0.779163 0.82916 0.779163 0.707335 0.696595 0.736319 0.705767 0.733861 0.708879 0.744424 0.893602 0.783341 0.888344 0.736192 0.893602 0.736192 0.675985 0.756053 0.699983 0.776571 0.679465 0.756053 0.758267 0.801357 0.754929 0.771425 0.758267 0.771425 0.892797 0.682969 0.879416 0.679383 0.874876 0.694794 0.667532 0.726605 0.66449 0.737956 0.668341 0.751028 0.624446 0.721558 0.65575 0.748322 0.628986 0.721558 0.900127 0.741272 0.754768 0.80059 0.754768 0.741272 0.65575 0.679383 0.65575 0.694794 0.682514 0.721558 0.869837 0.791802 0.727699 0.746068 0.869837 0.746068 0.912458 0.722869 0.880646 0.750068 0.907844 0.722869 0.625985 0.726608 0.630411 0.726608 0.656503 0.752701 0.906179 0.721558 0.90164 0.721558 0.874876 0.748322 0.8953 0.741117 0.756976 0.797564 0.8953 0.797564 0.63954 0.741117 0.869151 0.797564 0.869151 0.741117 0.682595 0.726608 0.656503 0.700516 0.656503 0.685491 0.864417 0.747194 0.726757 0.791487 0.864417 0.791487 0.864417 0.747194 0.726757 0.791487 0.726757 0.747194 0.900649 0.726608 0.870131 0.752701 0.896223 0.726608 0.875178 0.685756 0.667423 0.685756 0.692798 0.725743 0.893415 0.735563 0.889093 0.735563 0.863617 0.761039 0.879124 0.744473 0.641041 0.803003 0.879124 0.803003 0.69382 0.743247 0.66942 0.718848 0.66942 0.704798 0.848847 0.730184 0.875202 0.703828 0.875202 0.688652 0.879189 0.783341 0.732652 0.736192 0.732652 0.783341 0.881335 0.757056 0.730997 0.805429 0.881335 0.805429 0.886882 0.754169 0.628066 0.817796 0.886882 0.817796 0.897728 0.743247 0.869189 0.767647 0.893589 0.743247 0.690435 0.741523 0.664941 0.716029 0.664941 0.701349 0.879189 0.783341 0.732652 0.736192 0.879189 0.736192 0.904857 0.725743 0.900553 0.725743 0.875178 0.751118 0.840729 0.762769 0.727223 0.762769 0.708879 0.733861 0.906238 0.803003 0.76281 0.744473 0.76281 0.803003 0.692314 0.780935 0.866513 0.82376 0.866513 0.780935 0.736556 0.762922 0.642815 0.793084 0.642815 0.762922 0.896962 0.753857 0.893321 0.753857 0.871854 0.775324 0.850388 0.753857 0.871854 0.73239 0.871854 0.720029 0.736556 0.762922 0.642815 0.793084 0.736556 0.793084 0.67099 0.753857 0.696098 0.775324 0.674631 0.753857 0.867969 0.723721 0.699983 0.723721 0.847452 0.755218 0.687423 0.762769 0.690534 0.762769 0.708879 0.781113 0.838576 0.762126 0.682452 0.800507 0.838576 0.800507 0.735705 0.753731 0.638678 0.78495 0.735705 0.78495 0.707959 0.737214 0.683388 0.712782 0.683388 0.698633 0.654648 0.737353 0.658816 0.737353 0.683388 0.761925 0.891967 0.755102 0.888487 0.755102 0.867969 0.77562 0.735705 0.753731 0.637727 0.78495 0.637727 0.753731 0.700578 0.731351 0.735877 0.818927 0.735877 0.731351 0.67218 0.739072 0.675783 0.739072 0.697024 0.760313 0.710495 0.749372 0.686743 0.725621 0.686743 0.711944 0.735103 0.758027 0.637977 0.789278 0.735103 0.789278 0.690665 0.761632 0.885121 0.809437 0.885121 0.761632 0.697024 0.705601 0.870929 0.705601 0.849688 0.739072 0.895772 0.739072 0.870929 0.760313 0.892169 0.739072 0.625235 0.735563 0.655033 0.761039 0.629556 0.735563 0.8953 0.741117 0.756976 0.797564 0.756976 0.741117 0.873018 0.791487 0.634606 0.747194 0.873018 0.747194 0.744536 0.771425 0.651512 0.801357 0.744536 0.801357 0.676139 0.756315 0.901261 0.811658 0.901261 0.756315 0.691043 0.715254 0.691043 0.728326 0.713744 0.751028 0.90899 0.749372 0.881209 0.773124 0.904961 0.749372 0.655033 0.695417 0.655033 0.710087 0.680509 0.735563 0.640881 0.743247 0.64502 0.743247 0.66942 0.767647 0.906238 0.803003 0.76281 0.744473 0.906238 0.744473 0.66449 0.751028 0.691043 0.773729 0.668341 0.751028 0.893965 0.752287 0.89042 0.752287 0.869523 0.773184 0.735103 0.758027 0.637977 0.789278 0.637977 0.758027 0.741079 0.678454 0.790976 0.800725 0.790976 0.678454 0.744536 0.771425 0.651512 0.801357 0.651512 0.771425 0.746726 0.702895 0.80586 0.847802 0.746726 0.847802 0.759682 0.680994 0.824268 0.839264 0.759682 0.839264 0.673988 0.752287 0.69843 0.773184 0.677532 0.752287 0.884565 0.760786 0.909136 0.736214 0.913304 0.736214 0.916357 0.817796 0.760439 0.754169 0.760439 0.817796 0.903462 0.751028 0.899611 0.751028 0.87691 0.773729 0.72828 0.687177 0.795792 0.852616 0.795792 0.687177 0.903487 0.741523 0.873669 0.767017 0.899163 0.741523 0.806358 0.860664 0.743437 0.706476 0.806358 0.706476 0.88053 0.762769 0.859073 0.781113 0.877418 0.762769 0.912093 0.762922 0.749744 0.793084 0.749744 0.762922 0.878717 0.791802 0.632552 0.746068 0.878717 0.746068 0.881335 0.757056 0.730997 0.805429 0.730997 0.757056 0.906029 0.730184 0.901559 0.730184 0.875202 0.756541 0.872648 0.741272 0.631361 0.80059 0.872648 0.80059 0.869837 0.791802 0.727699 0.746068 0.727699 0.791802 0.661607 0.736469 0.630765 0.722869 0.657963 0.695671 0.659336 0.73494 0.669132 0.725144 0.65575 0.694794 0.87129 0.73494 0.90164 0.721558 0.874876 0.694794 0.877002 0.736469 0.867047 0.726514 0.880646 0.695671 0.659999 0.739654 0.630411 0.726608 0.656503 0.700516 0.658446 0.748301 0.667771 0.738976 0.655033 0.710087 0.860204 0.748301 0.889093 0.735563 0.863617 0.710087 0.866635 0.739654 0.857085 0.730104 0.870131 0.700516 0.670823 0.73843 0.680111 0.729142 0.667423 0.700368 0.672689 0.755447 0.64502 0.743247 0.66942 0.718848 0.662946 0.743363 0.672593 0.733716 0.659415 0.703828 0.668356 0.75427 0.639447 0.741523 0.664941 0.716029 0.865921 0.755447 0.85699 0.746516 0.869189 0.718848 0.871779 0.73843 0.900553 0.725743 0.875178 0.700368 0.856616 0.771941 0.849901 0.765226 0.859073 0.744424 0.868978 0.76459 0.893321 0.753857 0.871854 0.73239 0.711337 0.771941 0.690534 0.762769 0.708879 0.744424 0.698974 0.76459 0.706831 0.756733 0.696098 0.73239 0.702732 0.766297 0.710242 0.758744 0.699983 0.735536 0.68668 0.74962 0.658816 0.737353 0.683388 0.712782 0.881273 0.748519 0.872279 0.739576 0.884565 0.711643 0.86522 0.765377 0.888487 0.755102 0.867969 0.734585 0.699869 0.749693 0.675783 0.739072 0.697024 0.717831 0.701229 0.762735 0.708878 0.755087 0.69843 0.73139 0.689925 0.761248 0.662991 0.749372 0.686743 0.725621 0.694084 0.762378 0.702393 0.754069 0.691043 0.728326 0.868083 0.749693 0.860308 0.741918 0.870929 0.717831 0.866723 0.762735 0.89042 0.752287 0.869523 0.73139 0.878027 0.761248 0.869333 0.752555 0.881209 0.725621 0.873868 0.762378 0.899611 0.751028 0.87691 0.728326 0.871672 0.743363 0.901559 0.730184 0.875202 0.703828 0.870253 0.75427 0.860922 0.744939 0.873669 0.716029 0.710386 0.791802 0.695353 0.746068 0.695353 0.791802 0.695353 0.791802 0.684348 0.746068 0.684348 0.791802 0.612419 0.746068 0.627452 0.791802 0.612419 0.791802 0.712686 0.805429 0.696785 0.757056 0.696785 0.805429 0.696785 0.757056 0.685145 0.805429 0.696785 0.805429 0.609066 0.757056 0.624966 0.805429 0.609066 0.805429 0.714804 0.736192 0.699305 0.783341 0.714804 0.783341 0.699305 0.783341 0.68796 0.736192 0.68796 0.783341 0.613805 0.736192 0.629303 0.783341 0.613805 0.783341 0.709989 0.791487 0.695429 0.747194 0.695429 0.791487 0.695429 0.791487 0.684771 0.747194 0.684771 0.791487 0.615107 0.747194 0.629667 0.791487 0.615107 0.791487 0.915456 0.762922 0.925371 0.793084 0.915456 0.793084 0.614224 0.762922 0.621482 0.793084 0.614224 0.793084 0.621482 0.793084 0.631397 0.762922 0.631397 0.793084 0.92271 0.801357 0.932549 0.771425 0.932549 0.801357 0.62314 0.801357 0.630343 0.771425 0.630343 0.801357 0.630343 0.771425 0.640181 0.801357 0.630343 0.801357 0.920294 0.789278 0.930566 0.758027 0.930566 0.789278 0.608354 0.789278 0.615874 0.758027 0.615874 0.789278 0.615874 0.758027 0.626146 0.789278 0.615874 0.789278 0.920666 0.78495 0.930928 0.753731 0.930928 0.78495 0.609086 0.753731 0.616598 0.78495 0.609086 0.78495 0.616598 0.753731 0.62686 0.78495 0.616598 0.78495 0.631397 0.793084 0.621482 0.762922 0.621482 0.793084 0.621482 0.762922 0.614224 0.793084 0.621482 0.793084 0.736466 0.793084 0.74638 0.762922 0.74638 0.793084 0.883817 0.791802 0.898851 0.746068 0.898851 0.791802 0.898851 0.746068 0.909856 0.791802 0.898851 0.791802 0.695353 0.746068 0.710386 0.791802 0.695353 0.791802 0.640181 0.801357 0.630343 0.771425 0.630343 0.801357 0.630343 0.771425 0.62314 0.801357 0.630343 0.801357 0.74509 0.771425 0.754929 0.801357 0.74509 0.801357 0.896122 0.805429 0.912023 0.757056 0.912023 0.805429 0.912023 0.805429 0.923663 0.757056 0.923663 0.805429 0.696785 0.757056 0.712686 0.805429 0.696785 0.805429 0.626146 0.789278 0.615874 0.758027 0.615874 0.789278 0.615874 0.789278 0.608354 0.758027 0.608354 0.789278 0.734841 0.758027 0.745113 0.789278 0.734841 0.789278 0.893602 0.783341 0.9091 0.736192 0.9091 0.783341 0.9091 0.736192 0.920446 0.783341 0.9091 0.783341 0.699305 0.783341 0.714804 0.736192 0.714804 0.783341 0.62686 0.78495 0.616598 0.753731 0.616598 0.78495 0.616598 0.78495 0.609086 0.753731 0.609086 0.78495 0.735403 0.753731 0.745665 0.78495 0.735403 0.78495 0.877957 0.791487 0.892517 0.747194 0.892517 0.791487 0.892517 0.747194 0.903176 0.791487 0.892517 0.791487 0.695429 0.747194 0.709989 0.791487 0.695429 0.791487 0.631361 0.80059 0.611862 0.741272 0.611862 0.80059 0.720996 0.741272 0.73527 0.80059 0.720996 0.80059 0.73527 0.741272 0.754768 0.80059 0.73527 0.80059 0.872648 0.80059 0.892146 0.741272 0.872648 0.741272 0.892146 0.741272 0.90642 0.80059 0.90642 0.741272 0.73527 0.741272 0.754768 0.80059 0.754768 0.741272 0.63954 0.797564 0.620985 0.741117 0.620985 0.797564 0.724838 0.741117 0.738421 0.797564 0.724838 0.797564 0.738421 0.797564 0.756976 0.741117 0.756976 0.797564 0.869151 0.797564 0.887706 0.741117 0.869151 0.741117 0.887706 0.741117 0.901289 0.797564 0.901289 0.741117 0.738421 0.797564 0.756976 0.741117 0.738421 0.741117 0.641041 0.803003 0.621802 0.744473 0.621802 0.803003 0.729487 0.744473 0.743571 0.803003 0.729487 0.803003 0.743571 0.803003 0.76281 0.744473 0.76281 0.803003 0.628066 0.817796 0.607151 0.754169 0.607151 0.817796 0.724213 0.817796 0.739524 0.754169 0.739524 0.817796 0.739524 0.817796 0.760439 0.754169 0.760439 0.817796 0.879124 0.803003 0.898364 0.744473 0.879124 0.744473 0.898364 0.744473 0.912448 0.803003 0.912448 0.744473 0.743571 0.803003 0.76281 0.744473 0.743571 0.744473 0.866513 0.82376 0.88059 0.780935 0.866513 0.780935 0.682032 0.82394 0.692412 0.780803 0.682032 0.780803 0.729449 0.845502 0.779163 0.82916 0.729449 0.82916 0.880989 0.781146 0.894937 0.823579 0.894937 0.781146 0.905463 0.781146 0.895253 0.823579 0.895253 0.781146 0.783681 0.723676 0.828687 0.708882 0.828687 0.723676 0.682452 0.800507 0.669836 0.762126 0.669836 0.800507 0.660622 0.800507 0.66991 0.762126 0.66991 0.800507 0.806358 0.685763 0.743437 0.706476 0.743437 0.685763 0.838576 0.800507 0.851192 0.762126 0.838576 0.762126 0.851192 0.800507 0.860428 0.762126 0.851192 0.762126 0.735877 0.830513 0.700578 0.818927 0.700578 0.830513 0.690665 0.809437 0.674951 0.761632 0.674951 0.809437 0.663513 0.809437 0.675016 0.761632 0.675016 0.809437 0.824268 0.860494 0.759682 0.839264 0.824268 0.839264 0.676139 0.811658 0.657947 0.756315 0.657947 0.811658 0.644966 0.811658 0.658284 0.756315 0.658284 0.811658 0.746726 0.86724 0.80586 0.847802 0.80586 0.86724 0.885121 0.809437 0.900835 0.761632 0.885121 0.761632 0.663513 0.809437 0.675016 0.761632 0.663513 0.761632 0.790976 0.817127 0.741079 0.800725 0.741079 0.817127 0.901261 0.811658 0.919453 0.756315 0.901261 0.756315 0.644966 0.811658 0.658284 0.756315 0.644966 0.756315 0.72828 0.874808 0.795792 0.852616 0.72828 0.852616 0.886882 0.817796 0.907797 0.754169 0.886882 0.754169 0.907797 0.817796 0.923108 0.754169 0.907797 0.754169 0.739524 0.817796 0.760439 0.754169 0.739524 0.754169 0.900071 0.714096 0.903487 0.726843 0.899163 0.741523 0.302943 0.179804 0.313756 0.208905 0.302943 0.208905 0.299188 0.16468 0.310449 0.194988 0.299188 0.194988 0.298566 0.151008 0.309934 0.181603 0.298566 0.181603 0.296844 0.14686 0.308321 0.177749 0.296844 0.177749 1.2e-4 0.465829 0.002718985 0.518587 1.2e-4 0.518587 0.302943 0.616313 0.313756 0.588664 0.313756 0.616313 0.299188 0.619291 0.310449 0.590496 0.310449 0.619291 0.298566 0.609933 0.309934 0.580864 0.309934 0.609933 0.296844 0.610204 0.308321 0.580855 0.308321 0.610204 0.075392 0.363738 0.196131 0.395454 0.196131 0.363738 0.381727 0.447306 0.05623197 0.332698 0.05623197 0.447306 0.05623197 0.332698 0.04140096 0.447306 0.05623197 0.447306 0.02564096 0.447306 0.01060998 0.332698 0.01060998 0.447306 0.07690596 0.184538 0.195868 0.524807 0.07690596 0.524807 0.402997 0.162143 0.388335 0.273153 0.388335 0.162143 0.07461196 0.302744 0.1963019 0.319597 0.07461196 0.319597 0.04140096 0.447306 0.02564096 0.332698 0.02564096 0.447306 0.403669 0.986188 0.5002 0.998769 0.403669 0.998769 0.07597696 0.383684 0.197437 0.352005 0.197437 0.383684 0.389078 0.382972 0.402438 0.207927 0.402438 0.382972 1.54e-4 0.435155 0.002522945 0.347902 1.54e-4 0.347902 0.879812 0.02426397 0.701825 0.01077497 0.701825 0.02426397 1.2e-4 0.273655 0.002718985 0.370083 1.2e-4 0.370083 0.389446 0.383509 0.313756 0.383509 0.313756 0.2172189 0.302943 0.549798 0.313756 0.383509 0.313756 0.549798 0.227252 0.179804 0.302943 0.208905 0.302943 0.2172189 0.879812 0.230646 0.701825 0.164979 0.701825 0.230646 0.879812 0.240027 0.701825 0.230646 0.701825 0.240027 0.879812 0.305694 0.701825 0.240027 0.701825 0.305694 0.389279 0.376832 0.310449 0.376832 0.310449 0.203647 0.299188 0.550017 0.310449 0.376832 0.310449 0.550017 0.220358 0.16468 0.299188 0.194988 0.299188 0.203647 0.879812 0.371361 0.701825 0.305694 0.701825 0.371361 0.879812 0.380742 0.701825 0.371361 0.701825 0.380742 0.879812 0.446409 0.701825 0.380742 0.701825 0.446409 0.879812 0.51199 0.701825 0.446409 0.701825 0.51199 0.879812 0.521371 0.701825 0.51199 0.701825 0.521371 0.879812 0.587124 0.701825 0.521371 0.701825 0.587124 0.389408 0.365173 0.309934 0.365173 0.309934 0.190345 0.298566 0.540001 0.309934 0.365173 0.309934 0.540001 0.218885 0.151008 0.298566 0.181603 0.298566 0.190345 0.388665 0.363087 0.308321 0.363087 0.308321 0.1865749 0.296844 0.539599 0.308321 0.363087 0.308321 0.539599 0.2165 0.14686 0.296844 0.177749 0.296844 0.1865749 0.879812 0.08993095 0.701825 0.02426397 0.701825 0.08993095 0.879812 0.099312 0.701825 0.08993095 0.701825 0.099312 0.879812 0.164979 0.701825 0.099312 0.701825 0.164979 0.02564096 0.26213 0.01060998 0.26213 0.01060998 0.270804 0.388335 0.09176498 0.402997 0.09176498 0.402997 0.100974 0.05623197 0.26213 0.04140096 0.26213 0.04140096 0.270804 0.381727 0.26213 0.05623197 0.26213 0.05623197 0.270804 0.352685 0.192682 0.368399 0.192682 0.368399 0.16101 0.41952 0.998512 0.462338 0.998512 0.462338 0.986086 0.007635951 0.342218 0.007635951 0.375285 0.02506995 0.375285 0.388335 0.445331 0.402997 0.445331 0.402998 0.453793 1.54e-4 0.21257 0.002522945 0.21257 0.002522945 0.205919 1.54e-4 0.490472 0.002522945 0.490472 0.002522945 0.483234 0.02564096 0.623807 0.01060998 0.623807 0.01060998 0.633247 0.05623197 0.623807 0.04140096 0.623807 0.04140096 0.633247 0.381727 0.623807 0.05623197 0.623807 0.05623197 0.633247 0.403092 0.387851 0.403092 0.433114 0.389957 0.433114 0.634561 0.783341 0.629303 0.783341 0.629303 0.736192 0.04140096 0.623807 0.02564096 0.623807 0.02564096 0.633247 0.380105 0.425 0.380105 0.458995 0.009936988 0.458995 0.02799695 0.997534 0.068578 0.997534 0.068578 0.984719 0.04140096 0.26213 0.02564096 0.26213 0.02564096 0.270804 0.26753 0.998085 0.247859 0.998085 0.247859 0.986289 0.699236 0.998809 0.26753 0.998085 0.26753 0.986289 0.705061 0.986328 0.705061 0.998509 0.248005 0.998147 0.248005 0.998147 0.227179 0.998147 0.227179 0.986328 0.227179 0.998147 0.205049 0.998095 0.205049 0.986328 0.247859 0.998085 0.226956 0.998085 0.226956 0.986289 0.385097 0.192682 0.385097 0.16101 0.368399 0.16101 0.403244 0.537873 0.403244 0.579847 0.389989 0.579847 0.384645 0.342218 0.02458399 0.342218 0.02458399 0.375285 0.352864 0.271311 0.352864 0.239709 0.368544 0.239709 0.03305196 0.469192 0.05630099 0.469192 0.05630099 0.513288 0.008752942 0.271311 0.008752942 0.239709 0.352864 0.239709 0.385205 0.271311 0.368544 0.271311 0.368544 0.239709 0.007814943 0.192682 0.352685 0.192682 0.352685 0.16101 0.389076 0.151977 0.389076 0.127996 0.402293 0.127996 0.389002 0.09623998 0.389002 0.120282 0.402895 0.120282 1.2e-4 0.518587 0.002718985 0.518587 0.002718985 0.526529 0.389078 0.667813 0.389078 0.65447 0.402438 0.65447 0.388957 0.145702 0.388957 0.169385 0.402827 0.169385 0.389076 0.669828 0.389076 0.174544 0.402293 0.174544 0.388957 0.120535 0.388957 0.145702 0.402827 0.145702 0.402293 0.174544 0.389076 0.174544 0.389076 0.151977 0.389078 0.111474 0.389078 0.09695398 0.402438 0.09695398 0.402488 0.128071 0.389062 0.128071 0.389062 0.104837 0.402827 0.169385 0.388957 0.169385 0.388957 0.689165 0.413056 0.02426397 0.427716 0.02426397 0.427716 0.01077497 0.975934 0.02426397 0.989405 0.02426397 0.989405 0.01077497 1.2e-4 0.214281 0.002718985 0.214281 0.002718985 0.22158 8.8e-5 0.254973 8.8e-5 0.248021 0.002560973 0.248021 1.81e-4 0.352966 1.81e-4 0.359299 0.002433955 0.359299 0.352685 0.480685 0.352685 0.435884 0.007814943 0.435884 0.352685 0.429484 0.007814943 0.429484 0.007814943 0.435884 0.352685 0.429484 0.352685 0.384684 0.007814943 0.384684 8.8e-5 0.366176 0.002560973 0.366176 0.002560973 0.40002 8.8e-5 0.361341 0.002560973 0.361341 0.002560973 0.366176 8.8e-5 0.361341 8.8e-5 0.327497 0.002560973 0.327497 0.388241 0.682607 0.402909 0.682607 0.402909 0.723871 0.388241 0.676713 0.402909 0.676713 0.402909 0.682607 0.388241 0.635449 0.402909 0.635449 0.402909 0.676713 0.313756 0.067559 0.313756 0.05066198 0.389446 0.05066198 0.302943 0.067559 0.302943 0.05066198 0.313756 0.05066198 0.227252 0.067559 0.227252 0.05066198 0.302943 0.05066198 0.352864 0.558681 0.352864 0.513979 0.368544 0.513979 0.352864 0.507593 0.368544 0.507593 0.368544 0.513979 0.352864 0.507593 0.352864 0.462891 0.368544 0.462891 0.385097 0.435884 0.368399 0.435884 0.368399 0.480685 0.385097 0.429484 0.368399 0.429484 0.368399 0.435884 0.385097 0.429484 0.385097 0.384684 0.368399 0.384684 0.008752942 0.558681 0.008752942 0.513979 0.352864 0.513979 0.008752942 0.507593 0.352864 0.507593 0.352864 0.513979 0.008752942 0.462891 0.352864 0.462891 0.352864 0.507593 0.368399 0.480685 0.368399 0.435884 0.352685 0.435884 0.368399 0.429484 0.352685 0.429484 0.352685 0.435884 0.368399 0.384684 0.352685 0.384684 0.352685 0.429484 0.389446 0.714986 0.313756 0.714986 0.313756 0.699458 0.302943 0.714986 0.302943 0.699458 0.313756 0.699458 0.227252 0.714986 0.227252 0.699458 0.302943 0.699458 0.40295 0.723833 0.40295 0.68289 0.388397 0.68289 0.40295 0.68289 0.40295 0.677041 0.388397 0.677041 0.40295 0.636099 0.388397 0.636099 0.388397 0.677041 0.368544 0.513979 0.385205 0.513979 0.385205 0.558681 0.368544 0.507593 0.385205 0.507593 0.385205 0.513979 0.368544 0.507593 0.368544 0.462891 0.385205 0.462891 1.81e-4 0.425363 1.81e-4 0.456193 0.002433955 0.456193 1.81e-4 0.456193 1.81e-4 0.460597 0.002433955 0.460597 1.81e-4 0.491427 0.002433955 0.491427 0.002433955 0.460597 0.975934 0.230646 0.989405 0.230646 0.989405 0.164979 0.975934 0.240027 0.989405 0.240027 0.989405 0.230646 0.975934 0.305694 0.989405 0.305694 0.989405 0.240027 0.413056 0.230646 0.427716 0.230646 0.427716 0.164979 0.413056 0.240027 0.427716 0.240027 0.427716 0.230646 0.413056 0.305694 0.427716 0.305694 0.427716 0.240027 0.352685 0.339883 0.007814943 0.339883 0.007814943 0.384684 0.352685 0.339883 0.352685 0.333483 0.007814943 0.333483 0.352685 0.288683 0.007814943 0.288683 0.007814943 0.333483 8.8e-5 0.472543 8.8e-5 0.438699 0.002560973 0.438699 8.8e-5 0.433864 0.002560973 0.433864 0.002560973 0.438699 8.8e-5 0.40002 0.002560973 0.40002 0.002560973 0.433864 0.388342 0.682175 0.40314 0.682175 0.40314 0.723804 0.388342 0.682175 0.388342 0.676228 0.40314 0.676228 0.388342 0.676228 0.388342 0.634599 0.40314 0.634599 0.310449 0.04778099 0.310449 0.030182 0.389278 0.030182 0.299188 0.04778099 0.299188 0.030182 0.310449 0.030182 0.220358 0.04778099 0.220358 0.030182 0.299188 0.030182 0.352864 0.462891 0.352864 0.418189 0.368544 0.418189 0.352864 0.411803 0.368544 0.411803 0.368544 0.418189 0.352864 0.411803 0.352864 0.367101 0.368544 0.367101 0.385097 0.384684 0.385097 0.339883 0.368399 0.339883 0.385097 0.333483 0.368399 0.333483 0.368399 0.339883 0.385097 0.333483 0.385097 0.288683 0.368399 0.288683 0.008752942 0.418189 0.352864 0.418189 0.352864 0.462891 0.008752942 0.411803 0.352864 0.411803 0.352864 0.418189 0.008752942 0.411803 0.008752942 0.367101 0.352864 0.367101 0.368399 0.339883 0.352685 0.339883 0.352685 0.384684 0.368399 0.339883 0.368399 0.333483 0.352685 0.333483 0.368399 0.288683 0.352685 0.288683 0.352685 0.333483 0.310449 0.722056 0.310449 0.705884 0.389279 0.705884 0.299188 0.722056 0.299188 0.705884 0.310449 0.705884 0.220358 0.722056 0.220358 0.705884 0.299188 0.705884 0.403225 0.681533 0.388252 0.681533 0.388252 0.723656 0.403225 0.675515 0.388252 0.675515 0.388252 0.681533 0.403225 0.633392 0.388252 0.633392 0.388252 0.675515 0.368544 0.462891 0.368544 0.418189 0.385205 0.418189 0.368544 0.411803 0.385205 0.411803 0.385205 0.418189 0.368544 0.367101 0.385205 0.367101 0.385205 0.411803 1.81e-4 0.522257 0.002433955 0.522257 0.002433955 0.491427 1.81e-4 0.526661 0.002433955 0.526661 0.002433955 0.522257 1.81e-4 0.557491 0.002433955 0.557491 0.002433955 0.526661 0.975934 0.371361 0.989405 0.371361 0.989405 0.305694 0.975934 0.380742 0.989405 0.380742 0.989405 0.371361 0.975934 0.446409 0.989405 0.446409 0.989405 0.380742 0.413056 0.371361 0.427716 0.371361 0.427716 0.305694 0.413056 0.380742 0.427716 0.380742 0.427716 0.371361 0.413056 0.446409 0.427716 0.446409 0.427716 0.380742 8.8e-5 0.511179 0.002560973 0.511179 0.002560973 0.545067 8.8e-5 0.506344 0.002560973 0.506344 0.002560973 0.511179 8.8e-5 0.506344 8.8e-5 0.472543 0.002560973 0.472543 0.413056 0.51199 0.427716 0.51199 0.427716 0.446409 0.413056 0.521371 0.427716 0.521371 0.427716 0.51199 0.427716 0.587124 0.427716 0.521371 0.413056 0.521371 0.975934 0.51199 0.989405 0.51199 0.989405 0.446409 0.975934 0.521371 0.989405 0.521371 0.989405 0.51199 0.989405 0.587124 0.989405 0.521371 0.975934 0.521371 1.81e-4 0.557491 1.81e-4 0.588281 0.002433955 0.588281 1.81e-4 0.588281 1.81e-4 0.592685 0.002433955 0.592685 1.81e-4 0.623555 0.002433955 0.623555 0.002433955 0.592685 0.368544 0.322457 0.385205 0.322457 0.385205 0.367101 0.368544 0.322457 0.368544 0.316071 0.385205 0.316071 0.385205 0.271311 0.385205 0.316071 0.368544 0.316071 0.40297 0.723673 0.40297 0.682714 0.388392 0.682714 0.40297 0.676855 0.388392 0.676855 0.388392 0.682714 0.40297 0.63579 0.388392 0.63579 0.388392 0.676855 0.309934 0.713672 0.309934 0.697347 0.389408 0.697347 0.298566 0.713672 0.298566 0.697347 0.309934 0.697347 0.218886 0.697347 0.298566 0.697347 0.298566 0.713672 0.368399 0.2439399 0.352685 0.2439399 0.352685 0.288683 0.368399 0.2439399 0.368399 0.23754 0.352685 0.23754 0.368399 0.192682 0.352685 0.192682 0.352685 0.23754 0.008752942 0.322457 0.352864 0.322457 0.352864 0.367101 0.008752942 0.322457 0.008752942 0.316071 0.352864 0.316071 0.008752942 0.271311 0.352864 0.271311 0.352864 0.316071 0.385097 0.2439399 0.368399 0.2439399 0.368399 0.288683 0.385097 0.23754 0.368399 0.23754 0.368399 0.2439399 0.368399 0.192682 0.368399 0.23754 0.385097 0.23754 0.352864 0.367101 0.352864 0.322457 0.368544 0.322457 0.352864 0.322457 0.352864 0.316071 0.368544 0.316071 0.352864 0.271311 0.368544 0.271311 0.368544 0.316071 0.309934 0.03299897 0.309934 0.01523399 0.389408 0.01523399 0.298566 0.03299897 0.298566 0.01523399 0.309934 0.01523399 0.218885 0.01523399 0.298566 0.01523399 0.298566 0.03299897 0.388312 0.682584 0.402984 0.682584 0.402984 0.723805 0.388312 0.676688 0.402984 0.676688 0.402984 0.682584 0.388312 0.63536 0.402984 0.63536 0.402984 0.676688 0.352685 0.288683 0.352685 0.2439399 0.007814943 0.2439399 0.352685 0.2439399 0.352685 0.23754 0.007814943 0.23754 0.352685 0.192682 0.007814943 0.192682 0.007814943 0.23754 0.352685 0.531886 0.007814943 0.531886 0.007814943 0.576686 0.352685 0.531886 0.352685 0.525485 0.007814943 0.525485 0.352685 0.525485 0.352685 0.480685 0.007814943 0.480685 0.388109 0.723364 0.388109 0.681417 0.40302 0.681417 0.388109 0.681417 0.388109 0.675425 0.40302 0.675425 0.388109 0.675425 0.388109 0.633478 0.40302 0.633478 0.308321 0.02771395 0.308321 0.009776949 0.388665 0.009776949 0.296844 0.02771395 0.296844 0.009776949 0.308321 0.009776949 0.2165 0.02771395 0.2165 0.009776949 0.296844 0.009776949 0.352864 0.654471 0.352864 0.609769 0.368544 0.609769 0.352864 0.603383 0.368544 0.603383 0.368544 0.609769 0.352864 0.603383 0.352864 0.558681 0.368544 0.558681 0.385097 0.576686 0.385097 0.531886 0.368399 0.531886 0.385097 0.525485 0.368399 0.525485 0.368399 0.531886 0.385097 0.480685 0.368399 0.480685 0.368399 0.525485 0.008752942 0.654471 0.008752942 0.609769 0.352864 0.609769 0.008752942 0.603383 0.352864 0.603383 0.352864 0.609769 0.008752942 0.558681 0.352864 0.558681 0.352864 0.603383 0.368399 0.531886 0.352685 0.531886 0.352685 0.576686 0.368399 0.531886 0.368399 0.525485 0.352685 0.525485 0.368399 0.480685 0.352685 0.480685 0.352685 0.525485 0.308321 0.714943 0.308321 0.69846 0.388665 0.69846 0.296844 0.714943 0.296844 0.69846 0.308321 0.69846 0.2165 0.714943 0.2165 0.69846 0.296844 0.69846 0.403159 0.723317 0.403159 0.681812 0.388405 0.681812 0.403159 0.681812 0.403159 0.675883 0.388405 0.675883 0.403159 0.675883 0.403159 0.634378 0.388405 0.634378 0.368544 0.609769 0.385205 0.609769 0.385205 0.654471 0.368544 0.603383 0.385205 0.603383 0.385205 0.609769 0.368544 0.558681 0.385205 0.558681 0.385205 0.603383 1.81e-4 0.390129 0.002433955 0.390129 0.002433955 0.359299 1.81e-4 0.390129 1.81e-4 0.394533 0.002433955 0.394533 1.81e-4 0.394533 1.81e-4 0.425363 0.002433955 0.425363 0.975934 0.08993095 0.989405 0.08993095 0.989405 0.02426397 0.975934 0.099312 0.989405 0.099312 0.989405 0.08993095 0.975934 0.164979 0.989405 0.164979 0.989405 0.099312 0.413056 0.08993095 0.427716 0.08993095 0.427716 0.02426397 0.413056 0.099312 0.427716 0.099312 0.427716 0.08993095 0.413056 0.164979 0.427716 0.164979 0.427716 0.099312 8.8e-5 0.327497 8.8e-5 0.293652 0.002560973 0.293652 8.8e-5 0.288818 0.002560973 0.288818 0.002560973 0.293652 8.8e-5 0.288818 8.8e-5 0.254973 0.002560973 0.254973 0.525097 0.099312 0.701825 0.099312 0.701825 0.08993095 0.879812 0.08993095 0.879812 0.099312 0.975934 0.099312 0.525097 0.08993095 0.525097 0.02426397 0.427716 0.02426397 0.525097 0.08993095 0.701825 0.08993095 0.701825 0.02426397 0.879812 0.02426397 0.879812 0.08993095 0.975934 0.08993095 0.296844 0.14686 0.2165 0.14686 0.296844 0.11597 0.2165 0.14686 0.2165 0.02771395 0.296844 0.1071439 0.296844 0.11597 0.2165 0.14686 0.296844 0.1071439 0.296844 0.548425 0.296844 0.580855 0.2165 0.580855 0.2165 0.580855 0.2165 0.363087 0.296844 0.539599 0.2165 0.363087 0.296844 0.363087 0.296844 0.539599 0.296844 0.69846 0.2165 0.69846 0.296844 0.61903 0.2165 0.69846 0.2165 0.580855 0.296844 0.61903 0.2165 0.580855 0.296844 0.580855 0.296844 0.610204 0.308321 0.61903 0.308321 0.610204 0.388665 0.580855 0.308321 0.610204 0.308321 0.580855 0.388665 0.580855 0.308321 0.61903 0.388665 0.580855 0.388665 0.69846 0.388665 0.363087 0.388665 0.580855 0.308321 0.539599 0.388665 0.580855 0.308321 0.580855 0.308321 0.548425 0.308321 0.548425 0.308321 0.539599 0.388665 0.580855 0.388665 0.14686 0.308321 0.14686 0.308321 0.11597 0.308321 0.1071439 0.308321 0.02771395 0.388665 0.02771395 0.388665 0.14686 0.308321 0.11597 0.308321 0.1071439 0.296844 0.69846 0.296844 0.61903 0.308321 0.61903 0.657963 0.750068 0.657963 0.851448 0.626152 0.851448 0.626152 0.851448 0.626152 0.722869 0.657963 0.750068 0.67099 0.741496 0.67099 0.753857 0.674631 0.753857 0.674631 0.753857 0.696098 0.73239 0.681723 0.722905 0.696098 0.73239 0.696098 0.720029 0.692457 0.720029 0.681723 0.722905 0.696098 0.73239 0.692457 0.720029 0.681723 0.722905 0.673866 0.730763 0.674631 0.753857 0.296844 0.363087 0.296844 0.1865749 0.308321 0.1865749 0.296844 0.1071439 0.296844 0.02771395 0.308321 0.02771395 0.309934 0.618674 0.309934 0.609933 0.389408 0.580864 0.309934 0.609933 0.309934 0.580864 0.389408 0.580864 0.309934 0.618674 0.389408 0.580864 0.389408 0.697347 0.298566 0.580864 0.218886 0.580864 0.298566 0.548743 0.218886 0.580864 0.218885 0.365173 0.298566 0.540001 0.298566 0.548743 0.218886 0.580864 0.298566 0.540001 0.298566 0.151008 0.218885 0.151008 0.298566 0.120413 0.218885 0.151008 0.218885 0.03299897 0.298566 0.111672 0.298566 0.120413 0.218885 0.151008 0.298566 0.111672 0.04140096 0.332698 0.05623197 0.332698 0.05623197 0.270804 0.389408 0.365173 0.389408 0.580864 0.309934 0.540001 0.389408 0.580864 0.309934 0.580864 0.309934 0.548743 0.309934 0.548743 0.309934 0.540001 0.389408 0.580864 0.389408 0.151008 0.309934 0.151008 0.309934 0.120413 0.309934 0.111672 0.309934 0.03299897 0.389408 0.03299897 0.389408 0.151008 0.309934 0.120413 0.309934 0.111672 0.298566 0.697347 0.298566 0.618674 0.309934 0.618674 0.875178 0.685756 0.875178 0.700368 0.879482 0.685756 0.875178 0.700368 0.900553 0.725743 0.89217 0.689156 0.900553 0.725743 0.904857 0.725743 0.904857 0.711131 0.904857 0.711131 0.901458 0.698444 0.900553 0.725743 0.901458 0.698444 0.89217 0.689156 0.900553 0.725743 0.628588 0.715008 0.628588 0.730184 0.633059 0.730184 0.633059 0.730184 0.659415 0.703828 0.641766 0.692183 0.659415 0.703828 0.659415 0.688652 0.654944 0.688652 0.641766 0.692183 0.659415 0.703828 0.654944 0.688652 0.641766 0.692183 0.632119 0.70183 0.633059 0.730184 0.298566 0.365173 0.298566 0.190345 0.309934 0.190345 0.298566 0.03299897 0.309934 0.03299897 0.309934 0.111672 0.975934 0.587124 0.975934 0.521371 0.879812 0.521371 0.701825 0.587124 0.701825 0.521371 0.525097 0.521371 0.525097 0.587124 0.525097 0.521371 0.427716 0.521371 0.525097 0.521371 0.525097 0.51199 0.427716 0.51199 0.525097 0.521371 0.701825 0.521371 0.701825 0.51199 0.975934 0.521371 0.975934 0.51199 0.879812 0.51199 0.525097 0.51199 0.525097 0.446409 0.427716 0.446409 0.525097 0.51199 0.701825 0.51199 0.701825 0.446409 0.975934 0.51199 0.975934 0.446409 0.879812 0.446409 0.525097 0.446409 0.525097 0.380742 0.427716 0.380742 0.525097 0.446409 0.701825 0.446409 0.701825 0.380742 0.975934 0.446409 0.975934 0.380742 0.879812 0.380742 0.525097 0.380742 0.525097 0.371361 0.427716 0.371361 0.525097 0.380742 0.701825 0.380742 0.701825 0.371361 0.975934 0.380742 0.975934 0.371361 0.879812 0.371361 0.525097 0.371361 0.525097 0.305694 0.427716 0.305694 0.525097 0.371361 0.701825 0.371361 0.701825 0.305694 0.975934 0.371361 0.975934 0.305694 0.879812 0.305694 0.299188 0.16468 0.220358 0.16468 0.299188 0.134373 0.220358 0.16468 0.220358 0.04778099 0.299188 0.125714 0.299188 0.134373 0.220358 0.16468 0.299188 0.125714 0.299188 0.558677 0.299188 0.590496 0.220358 0.590496 0.220358 0.590496 0.220358 0.376832 0.299188 0.550017 0.220358 0.376832 0.299188 0.376832 0.299188 0.550017 0.299188 0.705884 0.220358 0.705884 0.299188 0.627951 0.220358 0.705884 0.220358 0.590496 0.299188 0.627951 0.220358 0.590496 0.299188 0.590496 0.299188 0.619291 0.310449 0.627951 0.310449 0.619291 0.389279 0.590496 0.310449 0.619291 0.310449 0.590496 0.389279 0.590496 0.310449 0.627951 0.389279 0.590496 0.389279 0.705884 0.389279 0.376832 0.389279 0.590496 0.310449 0.550017 0.389279 0.590496 0.310449 0.590496 0.310449 0.558677 0.310449 0.558677 0.310449 0.550017 0.389279 0.590496 0.389278 0.16468 0.310449 0.16468 0.310449 0.134373 0.310449 0.125714 0.310449 0.04778099 0.389278 0.04778099 0.389278 0.16468 0.310449 0.134373 0.310449 0.125714 0.299188 0.705884 0.299188 0.627951 0.310449 0.627951 0.783539 0.734277 0.828545 0.734277 0.828545 0.844563 0.730997 0.805429 0.730997 0.757056 0.712686 0.757056 0.299188 0.376832 0.299188 0.203647 0.310449 0.203647 0.299188 0.04778099 0.310449 0.04778099 0.310449 0.125714 0.975934 0.305694 0.975934 0.240027 0.879812 0.240027 0.525097 0.305694 0.701825 0.305694 0.701825 0.240027 0.525097 0.305694 0.525097 0.240027 0.427716 0.240027 0.525097 0.240027 0.525097 0.230646 0.427716 0.230646 0.525097 0.240027 0.701825 0.240027 0.701825 0.230646 0.975934 0.240027 0.975934 0.230646 0.879812 0.230646 0.525097 0.230646 0.525097 0.164979 0.427716 0.164979 0.525097 0.230646 0.701825 0.230646 0.701825 0.164979 0.975934 0.230646 0.975934 0.164979 0.879812 0.164979 0.302943 0.179804 0.227252 0.179804 0.302943 0.150704 0.227252 0.179804 0.227252 0.067559 0.302943 0.1423889 0.302943 0.150704 0.227252 0.179804 0.302943 0.1423889 0.302943 0.558112 0.302943 0.588664 0.227252 0.588664 0.227252 0.588664 0.227252 0.383509 0.302943 0.549798 0.227252 0.383509 0.302943 0.383509 0.302943 0.549798 0.302943 0.699458 0.227252 0.699458 0.302943 0.624628 0.227252 0.699458 0.227252 0.588664 0.302943 0.624628 0.227252 0.588664 0.302943 0.588664 0.302943 0.616313 0.313756 0.624628 0.313756 0.616313 0.389446 0.588664 0.313756 0.616313 0.313756 0.588664 0.389446 0.588664 0.313756 0.624628 0.389446 0.588664 0.389446 0.699458 0.389446 0.383509 0.389446 0.588664 0.313756 0.549798 0.389446 0.588664 0.313756 0.588664 0.313756 0.558112 0.313756 0.558112 0.313756 0.549798 0.389446 0.588664 0.389446 0.179804 0.313756 0.179804 0.313756 0.150704 0.313756 0.1423889 0.313756 0.067559 0.389446 0.067559 0.389446 0.179804 0.313756 0.150704 0.313756 0.1423889 0.302943 0.699458 0.302943 0.624628 0.313756 0.624628 0.624446 0.706147 0.624446 0.721558 0.628986 0.721558 0.628986 0.721558 0.65575 0.694794 0.637828 0.682969 0.65575 0.694794 0.65575 0.679383 0.65121 0.679383 0.637828 0.682969 0.65575 0.694794 0.65121 0.679383 0.637828 0.682969 0.628032 0.692765 0.628986 0.721558 0.686743 0.711944 0.686743 0.725621 0.682714 0.711944 0.686743 0.725621 0.662991 0.749372 0.670838 0.715126 0.662991 0.749372 0.658962 0.749372 0.658962 0.735696 0.658962 0.735696 0.662145 0.72382 0.662991 0.749372 0.662145 0.72382 0.670838 0.715126 0.662991 0.749372 0.302943 0.383509 0.302943 0.2172189 0.313756 0.2172189 0.302943 0.067559 0.313756 0.067559 0.313756 0.1423889 1.2e-4 0.22158 0.002718985 0.22158 0.002718985 0.273655 1.2e-4 0.370083 0.002718985 0.370083 0.002718985 0.465829 0.427716 0.02426397 0.525097 0.02426397 0.525097 0.01077497 0.298566 0.697347 0.218886 0.697347 0.298566 0.618674 0.218886 0.697347 0.218886 0.580864 0.298566 0.618674 0.218886 0.580864 0.298566 0.580864 0.298566 0.609933 0.525097 0.02426397 0.701825 0.02426397 0.701825 0.01077497 0.975934 0.02426397 0.975934 0.01077497 0.879812 0.01077497 1.54e-4 0.483234 0.002522945 0.483234 0.002522945 0.435155 1.54e-4 0.260027 1.54e-4 0.347902 0.002522945 0.347902 1.54e-4 0.260027 0.002522945 0.260027 0.002522945 0.21257 0.389078 0.559264 0.402438 0.559264 0.402438 0.65447 0.389078 0.559264 0.389078 0.382972 0.402438 0.382972 0.389078 0.111474 0.402438 0.111474 0.402438 0.207927 0.01038295 0.383684 0.01038295 0.352005 0.07597696 0.352005 0.197437 0.383684 0.197437 0.352005 0.318038 0.352005 0.318038 0.383684 0.318038 0.352005 0.384491 0.352005 0.403669 0.986188 0.403669 0.998769 0.350478 0.998769 0.5002 0.998769 0.5002 0.986188 0.597419 0.986188 0.597419 0.998769 0.597419 0.986188 0.649922 0.986188 0.02564096 0.332698 0.04140096 0.332698 0.04140096 0.270804 0.04140096 0.561103 0.04140096 0.447306 0.02564096 0.447306 0.02564096 0.561103 0.02564096 0.623807 0.04140096 0.623807 0.07461196 0.302744 0.07461196 0.319597 0.007558941 0.319597 0.1963019 0.319597 0.1963019 0.302744 0.318859 0.302744 0.318859 0.302744 0.385045 0.302744 0.385045 0.319597 0.402997 0.384954 0.402997 0.445331 0.388335 0.445331 0.388335 0.273153 0.402997 0.273153 0.402997 0.384954 0.388335 0.162143 0.388335 0.100974 0.402997 0.100974 0.315677 0.184538 0.38038 0.184538 0.38038 0.524807 0.525097 0.099312 0.525097 0.08993095 0.427716 0.08993095 0.195868 0.524807 0.195868 0.184538 0.315677 0.184538 0.07690596 0.184538 0.07690596 0.524807 0.01135599 0.524807 0.913304 0.723204 0.913304 0.736214 0.909136 0.736214 0.909136 0.736214 0.884565 0.711643 0.901018 0.701925 0.884565 0.711643 0.884565 0.698633 0.888733 0.698633 0.901018 0.701925 0.884565 0.711643 0.888733 0.698633 0.901018 0.701925 0.910012 0.710919 0.909136 0.736214 0.01060998 0.332698 0.02564096 0.332698 0.02564096 0.270804 0.888344 0.783341 0.634561 0.783341 0.634561 0.736192 0.637744 0.711131 0.637744 0.725743 0.642048 0.725743 0.642048 0.725743 0.667423 0.700368 0.650432 0.689156 0.667423 0.700368 0.667423 0.685756 0.663119 0.685756 0.650432 0.689156 0.667423 0.700368 0.663119 0.685756 0.650432 0.689156 0.641144 0.698444 0.642048 0.725743 0.02564096 0.447306 0.01060998 0.447306 0.01060998 0.561103 0.01060998 0.561103 0.01060998 0.623807 0.02564096 0.623807 0.04140096 0.561103 0.04140096 0.623807 0.05623197 0.623807 0.749147 0.78495 0.745665 0.78495 0.745665 0.753731 0.912458 0.707208 0.912458 0.722869 0.907844 0.722869 0.907844 0.722869 0.880646 0.695671 0.898859 0.683654 0.880646 0.695671 0.880646 0.68001 0.88526 0.68001 0.898859 0.683654 0.880646 0.695671 0.88526 0.68001 0.898859 0.683654 0.908814 0.693609 0.907844 0.722869 0.900127 0.741272 0.754768 0.741272 0.754768 0.80059 0.05623197 0.561103 0.05623197 0.447306 0.04140096 0.447306 0.697024 0.705601 0.697024 0.717831 0.693421 0.705601 0.697024 0.717831 0.675783 0.739072 0.6828 0.708446 0.675783 0.739072 0.67218 0.739072 0.67218 0.726841 0.67218 0.726841 0.675026 0.716221 0.675783 0.739072 0.675026 0.716221 0.6828 0.708446 0.675783 0.739072 0.05623197 0.332698 0.381727 0.332698 0.381727 0.270804 0.381727 0.561103 0.05623197 0.561103 0.05623197 0.623807 0.296844 0.580855 0.296844 0.548425 0.308321 0.548425 0.298566 0.580864 0.298566 0.548743 0.309934 0.548743 0.05623197 0.561103 0.381727 0.561103 0.381727 0.447306 0.525097 0.164979 0.525097 0.099312 0.427716 0.099312 0.075392 0.395454 0.075392 0.363738 0.008861958 0.363738 0.299188 0.590496 0.299188 0.558677 0.310449 0.558677 0.302943 0.588664 0.302943 0.558112 0.313756 0.558112 0.196131 0.395454 0.317729 0.395454 0.317729 0.363738 0.296844 0.11597 0.308321 0.11597 0.308321 0.14686 0.317729 0.363738 0.317729 0.395454 0.383399 0.395454 0.525097 0.164979 0.701825 0.164979 0.701825 0.099312 0.298566 0.120413 0.309934 0.120413 0.309934 0.151008 0.299188 0.134373 0.310449 0.134373 0.310449 0.16468 0.302943 0.150704 0.313756 0.150704 0.313756 0.179804 0.975934 0.164979 0.975934 0.099312 0.879812 0.099312 0.730997 0.757056 0.730997 0.805429 0.712686 0.805429 0.88053 0.752205 0.88053 0.762769 0.877418 0.762769 0.877418 0.762769 0.859073 0.744424 0.871357 0.736319 0.859073 0.744424 0.859073 0.733861 0.862185 0.733861 0.871357 0.736319 0.859073 0.744424 0.862185 0.733861 0.871357 0.736319 0.878072 0.743033 0.877418 0.762769 0.642815 0.762922 0.631397 0.762922 0.631397 0.793084 0.651512 0.771425 0.651512 0.801357 0.640181 0.801357 0.651512 0.771425 0.640181 0.771425 0.640181 0.801357 0.637977 0.789278 0.626146 0.789278 0.626146 0.758027 0.637977 0.789278 0.637977 0.758027 0.626146 0.758027 0.637727 0.753731 0.637727 0.78495 0.62686 0.78495 0.638678 0.753731 0.62686 0.753731 0.62686 0.78495 0.727699 0.746068 0.727699 0.791802 0.710386 0.791802 0.732652 0.783341 0.714804 0.783341 0.714804 0.736192 0.726757 0.791487 0.709989 0.791487 0.709989 0.747194 0.657963 0.68001 0.657963 0.695671 0.65335 0.68001 0.657963 0.695671 0.630765 0.722869 0.639751 0.683654 0.630765 0.722869 0.626152 0.722869 0.626152 0.707208 0.626152 0.707208 0.629796 0.693609 0.630765 0.722869 0.629796 0.693609 0.639751 0.683654 0.630765 0.722869 0.664941 0.701349 0.664941 0.716029 0.660616 0.701349 0.664941 0.716029 0.639447 0.741523 0.64787 0.704765 0.639447 0.741523 0.635123 0.741523 0.635123 0.726843 0.635123 0.726843 0.638538 0.714096 0.639447 0.741523 0.638538 0.714096 0.64787 0.704765 0.639447 0.741523 0.66942 0.704798 0.66942 0.718848 0.665281 0.704798 0.66942 0.718848 0.64502 0.743247 0.653081 0.708067 0.64502 0.743247 0.640881 0.743247 0.640881 0.729197 0.640881 0.729197 0.64415 0.716998 0.64502 0.743247 0.64415 0.716998 0.653081 0.708067 0.64502 0.743247 0.726757 0.791487 0.726757 0.747194 0.709989 0.747194 0.683388 0.698633 0.683388 0.712782 0.67922 0.698633 0.683388 0.712782 0.658816 0.737353 0.666934 0.701925 0.658816 0.737353 0.654648 0.737353 0.654648 0.723204 0.654648 0.723204 0.65794 0.710919 0.658816 0.737353 0.65794 0.710919 0.666934 0.701925 0.658816 0.737353 0.900649 0.711584 0.900649 0.726608 0.896223 0.726608 0.896223 0.726608 0.870131 0.700516 0.887603 0.688987 0.870131 0.700516 0.870131 0.685491 0.874557 0.685491 0.887603 0.688987 0.870131 0.700516 0.874557 0.685491 0.887603 0.688987 0.897153 0.698538 0.896223 0.726608 0.686743 0.773124 0.686743 0.861659 0.658962 0.861659 0.658962 0.861659 0.658962 0.749372 0.686743 0.773124 0.869523 0.719357 0.869523 0.73139 0.873067 0.719357 0.869523 0.73139 0.89042 0.752287 0.883516 0.722156 0.89042 0.752287 0.893965 0.752287 0.893965 0.740254 0.893965 0.740254 0.891165 0.729805 0.89042 0.752287 0.891165 0.729805 0.883516 0.722156 0.89042 0.752287 0.890728 0.805429 0.630361 0.805429 0.630361 0.757056 0.919372 0.771425 0.919372 0.801357 0.758267 0.801357 0.920666 0.78495 0.917185 0.78495 0.917185 0.753731 0.90899 0.735696 0.90899 0.749372 0.904961 0.749372 0.904961 0.749372 0.881209 0.725621 0.897114 0.715126 0.881209 0.725621 0.881209 0.711944 0.885238 0.711944 0.897114 0.715126 0.881209 0.725621 0.885238 0.711944 0.897114 0.715126 0.905808 0.72382 0.904961 0.749372 0.877957 0.791487 0.873018 0.791487 0.873018 0.747194 0.642815 0.762922 0.642815 0.793084 0.631397 0.793084 0.673988 0.740254 0.673988 0.752287 0.677532 0.752287 0.677532 0.752287 0.69843 0.73139 0.684436 0.722156 0.69843 0.73139 0.69843 0.719357 0.694885 0.719357 0.684436 0.722156 0.69843 0.73139 0.694885 0.719357 0.684436 0.722156 0.676787 0.729805 0.677532 0.752287 0.727699 0.746068 0.710386 0.746068 0.710386 0.791802 0.732652 0.783341 0.732652 0.736192 0.714804 0.736192 0.625235 0.720893 0.625235 0.735563 0.629556 0.735563 0.629556 0.735563 0.655033 0.710087 0.637973 0.69883 0.655033 0.710087 0.655033 0.695417 0.650711 0.695417 0.637973 0.69883 0.655033 0.710087 0.650711 0.695417 0.637973 0.69883 0.628648 0.708155 0.629556 0.735563 0.628588 0.730184 0.628588 0.854782 0.659415 0.756541 0.628588 0.854782 0.659415 0.854782 0.659415 0.756541 0.749744 0.793084 0.74638 0.793084 0.74638 0.762922 0.656503 0.685491 0.656503 0.700516 0.652077 0.685491 0.656503 0.700516 0.630411 0.726608 0.639031 0.688987 0.630411 0.726608 0.625985 0.726608 0.625985 0.711584 0.625985 0.711584 0.629481 0.698538 0.630411 0.726608 0.629481 0.698538 0.639031 0.688987 0.630411 0.726608 0.632552 0.791802 0.627452 0.791802 0.627452 0.746068 0.896122 0.805429 0.890728 0.805429 0.890728 0.757056 0.871854 0.720029 0.871854 0.73239 0.875496 0.720029 0.871854 0.73239 0.893321 0.753857 0.886229 0.722905 0.893321 0.753857 0.896962 0.753857 0.896962 0.741496 0.896962 0.741496 0.894086 0.730763 0.893321 0.753857 0.894086 0.730763 0.886229 0.722905 0.893321 0.753857 0.867969 0.723721 0.867969 0.734585 0.87145 0.723721 0.867969 0.734585 0.888487 0.755102 0.881708 0.72647 0.888487 0.755102 0.891967 0.755102 0.891967 0.744239 0.891967 0.744239 0.889218 0.73398 0.888487 0.755102 0.889218 0.73398 0.881708 0.72647 0.888487 0.755102 0.917185 0.753731 0.917185 0.78495 0.749147 0.78495 0.87691 0.715254 0.87691 0.728326 0.88076 0.715254 0.87691 0.728326 0.899611 0.751028 0.892111 0.718295 0.899611 0.751028 0.903462 0.751028 0.903462 0.737956 0.903462 0.737956 0.90042 0.726605 0.899611 0.751028 0.90042 0.726605 0.892111 0.718295 0.899611 0.751028 0.675985 0.744239 0.675985 0.756053 0.679465 0.756053 0.679465 0.756053 0.699983 0.735536 0.686244 0.72647 0.699983 0.735536 0.699983 0.723721 0.696503 0.723721 0.686244 0.72647 0.699983 0.735536 0.696503 0.723721 0.686244 0.72647 0.678734 0.73398 0.679465 0.756053 0.916809 0.758027 0.916809 0.789278 0.748598 0.789278 0.630361 0.805429 0.624966 0.805429 0.624966 0.757056 0.863617 0.695417 0.863617 0.710087 0.867939 0.695417 0.863617 0.710087 0.889093 0.735563 0.880677 0.69883 0.889093 0.735563 0.893415 0.735563 0.893415 0.720893 0.893415 0.720893 0.890002 0.708155 0.889093 0.735563 0.890002 0.708155 0.880677 0.69883 0.889093 0.735563 0.719327 0.752287 0.848626 0.752287 0.869523 0.719357 0.848626 0.752287 0.869523 0.73139 0.869523 0.719357 0.869523 0.719357 0.69843 0.719357 0.719327 0.752287 0.853448 0.722869 0.685162 0.722869 0.657963 0.68001 0.685162 0.722869 0.657963 0.695671 0.657963 0.68001 0.657963 0.68001 0.880646 0.68001 0.853448 0.722869 0.637744 0.725743 0.637744 0.845702 0.667423 0.751118 0.637744 0.845702 0.667423 0.845702 0.667423 0.751118 0.895772 0.726841 0.895772 0.739072 0.892169 0.739072 0.892169 0.739072 0.870929 0.717831 0.885152 0.708446 0.870929 0.717831 0.870929 0.705601 0.874532 0.705601 0.885152 0.708446 0.870929 0.717831 0.874532 0.705601 0.885152 0.708446 0.892926 0.716221 0.892169 0.739072 0.664941 0.767017 0.664941 0.862044 0.635123 0.862044 0.635123 0.862044 0.635123 0.741523 0.664941 0.767017 0.634606 0.791487 0.629667 0.791487 0.629667 0.747194 0.897728 0.729197 0.897728 0.743247 0.893589 0.743247 0.893589 0.743247 0.869189 0.718848 0.885528 0.708067 0.869189 0.718848 0.869189 0.704798 0.873328 0.704798 0.885528 0.708067 0.869189 0.718848 0.873328 0.704798 0.885528 0.708067 0.894459 0.716998 0.893589 0.743247 0.920294 0.789278 0.916809 0.789278 0.916809 0.758027 0.883817 0.791802 0.878717 0.791802 0.878717 0.746068 0.916357 0.817796 0.760439 0.817796 0.760439 0.754169 0.92271 0.801357 0.919372 0.801357 0.919372 0.771425 0.748598 0.789278 0.745113 0.789278 0.745113 0.758027 0.915456 0.793084 0.912093 0.793084 0.912093 0.762922 0.875202 0.688652 0.875202 0.703828 0.879673 0.688652 0.875202 0.703828 0.901559 0.730184 0.892851 0.692183 0.901559 0.730184 0.906029 0.730184 0.906029 0.715008 0.906029 0.715008 0.902498 0.70183 0.901559 0.730184 0.902498 0.70183 0.892851 0.692183 0.901559 0.730184 0.729449 0.707335 0.729449 0.82916 0.779163 0.82916 0.708879 0.733861 0.708879 0.744424 0.705767 0.733861 0.708879 0.744424 0.690534 0.762769 0.696595 0.736319 0.690534 0.762769 0.687423 0.762769 0.687423 0.752205 0.687423 0.752205 0.68988 0.743033 0.690534 0.762769 0.68988 0.743033 0.696595 0.736319 0.690534 0.762769 0.893602 0.783341 0.888344 0.783341 0.888344 0.736192 0.675985 0.756053 0.675985 0.85305 0.699983 0.776571 0.675985 0.85305 0.699983 0.85305 0.699983 0.776571 0.758267 0.801357 0.754929 0.801357 0.754929 0.771425 0.874876 0.679383 0.874876 0.694794 0.879416 0.679383 0.874876 0.694794 0.90164 0.721558 0.892797 0.682969 0.90164 0.721558 0.906179 0.721558 0.906179 0.706147 0.906179 0.706147 0.902594 0.692765 0.90164 0.721558 0.902594 0.692765 0.892797 0.682969 0.90164 0.721558 0.66449 0.737956 0.66449 0.751028 0.668341 0.751028 0.668341 0.751028 0.691043 0.728326 0.675841 0.718295 0.691043 0.728326 0.691043 0.715254 0.687192 0.715254 0.675841 0.718295 0.691043 0.728326 0.687192 0.715254 0.675841 0.718295 0.667532 0.726605 0.668341 0.751028 0.624446 0.721558 0.624446 0.848083 0.65575 0.748322 0.624446 0.848083 0.65575 0.848083 0.65575 0.748322 0.900127 0.741272 0.900127 0.80059 0.754768 0.80059 0.682514 0.721558 0.848112 0.721558 0.874876 0.679383 0.848112 0.721558 0.874876 0.694794 0.874876 0.679383 0.874876 0.679383 0.65575 0.679383 0.682514 0.721558 0.869837 0.791802 0.727699 0.791802 0.727699 0.746068 0.912458 0.722869 0.912458 0.851448 0.880646 0.750068 0.912458 0.851448 0.880646 0.851448 0.880646 0.750068 0.656503 0.752701 0.656503 0.849959 0.625985 0.849959 0.625985 0.849959 0.625985 0.726608 0.656503 0.752701 0.874876 0.748322 0.874876 0.848083 0.906179 0.848083 0.906179 0.848083 0.906179 0.721558 0.874876 0.748322 0.8953 0.741117 0.756976 0.741117 0.756976 0.797564 0.63954 0.741117 0.63954 0.797564 0.869151 0.797564 0.656503 0.685491 0.870131 0.685491 0.682595 0.726608 0.870131 0.685491 0.870131 0.700516 0.844038 0.726608 0.682595 0.726608 0.870131 0.685491 0.844038 0.726608 0.864417 0.747194 0.726757 0.747194 0.726757 0.791487 0.864417 0.747194 0.864417 0.791487 0.726757 0.791487 0.900649 0.726608 0.900649 0.849959 0.870131 0.752701 0.900649 0.849959 0.870131 0.849959 0.870131 0.752701 0.667423 0.685756 0.667423 0.700368 0.692798 0.725743 0.692798 0.725743 0.849803 0.725743 0.875178 0.685756 0.849803 0.725743 0.875178 0.700368 0.875178 0.685756 0.863617 0.761039 0.863617 0.856001 0.893415 0.856001 0.893415 0.856001 0.893415 0.735563 0.863617 0.761039 0.879124 0.744473 0.641041 0.744473 0.641041 0.803003 0.66942 0.704798 0.869189 0.704798 0.69382 0.743247 0.869189 0.704798 0.869189 0.718848 0.84479 0.743247 0.69382 0.743247 0.869189 0.704798 0.84479 0.743247 0.875202 0.688652 0.659415 0.688652 0.848847 0.730184 0.659415 0.688652 0.659415 0.703828 0.685771 0.730184 0.848847 0.730184 0.659415 0.688652 0.685771 0.730184 0.879189 0.783341 0.879189 0.736192 0.732652 0.736192 0.881335 0.757056 0.730997 0.757056 0.730997 0.805429 0.886882 0.754169 0.628066 0.754169 0.628066 0.817796 0.897728 0.743247 0.897728 0.858596 0.869189 0.767647 0.897728 0.858596 0.869189 0.858596 0.869189 0.767647 0.664941 0.701349 0.873669 0.701349 0.690435 0.741523 0.873669 0.701349 0.873669 0.716029 0.848175 0.741523 0.690435 0.741523 0.873669 0.701349 0.848175 0.741523 0.879189 0.783341 0.732652 0.783341 0.732652 0.736192 0.875178 0.751118 0.875178 0.845702 0.904857 0.845702 0.904857 0.845702 0.904857 0.725743 0.875178 0.751118 0.708879 0.744424 0.708879 0.733861 0.727223 0.762769 0.708879 0.733861 0.859073 0.733861 0.840729 0.762769 0.859073 0.733861 0.859073 0.744424 0.840729 0.762769 0.906238 0.803003 0.906238 0.744473 0.76281 0.744473 0.692314 0.780935 0.692314 0.82376 0.866513 0.82376 0.736556 0.762922 0.736556 0.793084 0.642815 0.793084 0.871854 0.775324 0.871854 0.85534 0.896962 0.85534 0.896962 0.85534 0.896962 0.753857 0.871854 0.775324 0.871854 0.720029 0.696098 0.720029 0.850388 0.753857 0.696098 0.720029 0.696098 0.73239 0.717565 0.753857 0.850388 0.753857 0.696098 0.720029 0.717565 0.753857 0.736556 0.762922 0.642815 0.762922 0.642815 0.793084 0.67099 0.753857 0.67099 0.85534 0.696098 0.775324 0.67099 0.85534 0.696098 0.85534 0.696098 0.775324 0.699983 0.723721 0.699983 0.735536 0.7205 0.755937 0.7205 0.755937 0.847452 0.755218 0.699983 0.723721 0.847452 0.755218 0.867969 0.734585 0.867969 0.723721 0.708879 0.781113 0.708879 0.849492 0.687423 0.849492 0.687423 0.849492 0.687423 0.762769 0.708879 0.781113 0.838576 0.762126 0.682452 0.762126 0.682452 0.800507 0.735705 0.753731 0.638678 0.753731 0.638678 0.78495 0.683388 0.698633 0.884565 0.698633 0.859993 0.736353 0.884565 0.698633 0.884565 0.711643 0.859993 0.736353 0.683388 0.698633 0.859993 0.736353 0.707959 0.737214 0.683388 0.761925 0.683388 0.853514 0.654648 0.853514 0.654648 0.853514 0.654648 0.737353 0.683388 0.761925 0.867969 0.77562 0.867969 0.85305 0.891967 0.85305 0.891967 0.85305 0.891967 0.755102 0.867969 0.77562 0.735705 0.753731 0.735705 0.78495 0.637727 0.78495 0.700578 0.731351 0.700578 0.818927 0.735877 0.818927 0.697024 0.760313 0.697024 0.839486 0.67218 0.839486 0.67218 0.839486 0.67218 0.739072 0.697024 0.760313 0.686743 0.711944 0.881209 0.711944 0.710495 0.749372 0.881209 0.711944 0.881209 0.725621 0.857457 0.749372 0.710495 0.749372 0.881209 0.711944 0.857457 0.749372 0.735103 0.758027 0.637977 0.758027 0.637977 0.789278 0.690665 0.761632 0.690665 0.809437 0.885121 0.809437 0.870929 0.705601 0.870929 0.717831 0.849688 0.739072 0.849688 0.739072 0.718264 0.739072 0.697024 0.705601 0.718264 0.739072 0.697024 0.717831 0.697024 0.705601 0.895772 0.739072 0.895772 0.839486 0.870929 0.760313 0.895772 0.839486 0.870929 0.839486 0.870929 0.760313 0.625235 0.735563 0.625235 0.856001 0.655033 0.761039 0.625235 0.856001 0.655033 0.856001 0.655033 0.761039 0.8953 0.741117 0.8953 0.797564 0.756976 0.797564 0.873018 0.791487 0.634606 0.791487 0.634606 0.747194 0.744536 0.771425 0.651512 0.771425 0.651512 0.801357 0.676139 0.756315 0.676139 0.811658 0.901261 0.811658 0.713744 0.751028 0.854208 0.751028 0.87691 0.715254 0.854208 0.751028 0.87691 0.728326 0.87691 0.715254 0.87691 0.715254 0.691043 0.715254 0.713744 0.751028 0.90899 0.749372 0.90899 0.861659 0.881209 0.773124 0.90899 0.861659 0.881209 0.861659 0.881209 0.773124 0.680509 0.735563 0.838141 0.735563 0.863617 0.695417 0.838141 0.735563 0.863617 0.710087 0.863617 0.695417 0.863617 0.695417 0.655033 0.695417 0.680509 0.735563 0.66942 0.767647 0.66942 0.858596 0.640881 0.858596 0.640881 0.858596 0.640881 0.743247 0.66942 0.767647 0.906238 0.803003 0.76281 0.803003 0.76281 0.744473 0.66449 0.751028 0.66449 0.858349 0.691043 0.773729 0.66449 0.858349 0.691043 0.858349 0.691043 0.773729 0.869523 0.773184 0.869523 0.851077 0.893965 0.851077 0.893965 0.851077 0.893965 0.752287 0.869523 0.773184 0.735103 0.758027 0.735103 0.789278 0.637977 0.789278 0.741079 0.678454 0.741079 0.800725 0.790976 0.800725 0.744536 0.771425 0.744536 0.801357 0.651512 0.801357 0.746726 0.702895 0.80586 0.702895 0.80586 0.847802 0.759682 0.680994 0.824268 0.680994 0.824268 0.839264 0.673988 0.752287 0.673988 0.851077 0.69843 0.773184 0.673988 0.851077 0.69843 0.851077 0.69843 0.773184 0.913304 0.736214 0.913304 0.853514 0.884565 0.760786 0.913304 0.853514 0.884565 0.853514 0.884565 0.760786 0.916357 0.817796 0.916357 0.754169 0.760439 0.754169 0.87691 0.773729 0.87691 0.858349 0.903462 0.858349 0.903462 0.858349 0.903462 0.751028 0.87691 0.773729 0.72828 0.687177 0.72828 0.852616 0.795792 0.852616 0.903487 0.741523 0.903487 0.862044 0.873669 0.767017 0.903487 0.862044 0.873669 0.862044 0.873669 0.767017 0.806358 0.860664 0.743437 0.860664 0.743437 0.706476 0.88053 0.762769 0.88053 0.849492 0.859073 0.781113 0.88053 0.849492 0.859073 0.849492 0.859073 0.781113 0.912093 0.762922 0.912093 0.793084 0.749744 0.793084 0.878717 0.791802 0.632552 0.791802 0.632552 0.746068 0.881335 0.757056 0.881335 0.805429 0.730997 0.805429 0.875202 0.756541 0.875202 0.854782 0.906029 0.854782 0.906029 0.854782 0.906029 0.730184 0.875202 0.756541 0.872648 0.741272 0.631361 0.741272 0.631361 0.80059 0.869837 0.791802 0.869837 0.746068 0.727699 0.746068 0.657963 0.695671 0.685162 0.722869 0.671563 0.726514 0.661607 0.736469 0.657963 0.750068 0.630765 0.722869 0.657963 0.695671 0.671563 0.726514 0.661607 0.736469 0.628986 0.721558 0.65575 0.748322 0.659336 0.73494 0.669132 0.725144 0.682514 0.721558 0.65575 0.694794 0.628986 0.721558 0.659336 0.73494 0.65575 0.694794 0.874876 0.694794 0.848112 0.721558 0.861494 0.725144 0.87129 0.73494 0.874876 0.748322 0.90164 0.721558 0.874876 0.694794 0.861494 0.725144 0.87129 0.73494 0.907844 0.722869 0.880646 0.750068 0.877002 0.736469 0.867047 0.726514 0.853448 0.722869 0.880646 0.695671 0.907844 0.722869 0.877002 0.736469 0.880646 0.695671 0.656503 0.700516 0.682595 0.726608 0.669549 0.730104 0.659999 0.739654 0.656503 0.752701 0.630411 0.726608 0.656503 0.700516 0.669549 0.730104 0.659999 0.739654 0.629556 0.735563 0.655033 0.761039 0.658446 0.748301 0.667771 0.738976 0.680509 0.735563 0.655033 0.710087 0.629556 0.735563 0.658446 0.748301 0.655033 0.710087 0.863617 0.710087 0.838141 0.735563 0.850879 0.738976 0.860204 0.748301 0.863617 0.761039 0.889093 0.735563 0.863617 0.710087 0.850879 0.738976 0.860204 0.748301 0.896223 0.726608 0.870131 0.752701 0.866635 0.739654 0.857085 0.730104 0.844038 0.726608 0.870131 0.700516 0.896223 0.726608 0.866635 0.739654 0.870131 0.700516 0.642048 0.725743 0.667423 0.751118 0.670823 0.73843 0.680111 0.729142 0.692798 0.725743 0.667423 0.700368 0.642048 0.725743 0.670823 0.73843 0.667423 0.700368 0.66942 0.718848 0.69382 0.743247 0.68162 0.746516 0.672689 0.755447 0.66942 0.767647 0.64502 0.743247 0.66942 0.718848 0.68162 0.746516 0.672689 0.755447 0.633059 0.730184 0.659415 0.756541 0.662946 0.743363 0.672593 0.733716 0.685771 0.730184 0.659415 0.703828 0.633059 0.730184 0.662946 0.743363 0.659415 0.703828 0.664941 0.716029 0.690435 0.741523 0.677688 0.744939 0.668356 0.75427 0.664941 0.767017 0.639447 0.741523 0.664941 0.716029 0.677688 0.744939 0.668356 0.75427 0.893589 0.743247 0.869189 0.767647 0.865921 0.755447 0.85699 0.746516 0.84479 0.743247 0.869189 0.718848 0.893589 0.743247 0.865921 0.755447 0.869189 0.718848 0.875178 0.700368 0.849803 0.725743 0.862491 0.729142 0.871779 0.73843 0.875178 0.751118 0.900553 0.725743 0.875178 0.700368 0.862491 0.729142 0.871779 0.73843 0.877418 0.762769 0.859073 0.781113 0.856616 0.771941 0.849901 0.765226 0.840729 0.762769 0.859073 0.744424 0.877418 0.762769 0.856616 0.771941 0.859073 0.744424 0.871854 0.73239 0.850388 0.753857 0.861121 0.756733 0.868978 0.76459 0.871854 0.775324 0.893321 0.753857 0.871854 0.73239 0.861121 0.756733 0.868978 0.76459 0.708879 0.744424 0.727223 0.762769 0.718051 0.765226 0.711337 0.771941 0.708879 0.781113 0.690534 0.762769 0.708879 0.744424 0.718051 0.765226 0.711337 0.771941 0.674631 0.753857 0.696098 0.775324 0.698974 0.76459 0.706831 0.756733 0.717565 0.753857 0.696098 0.73239 0.674631 0.753857 0.698974 0.76459 0.696098 0.73239 0.679465 0.756053 0.699983 0.776571 0.702732 0.766297 0.710242 0.758744 0.7205 0.755937 0.699983 0.735536 0.679465 0.756053 0.702732 0.766297 0.699983 0.735536 0.683388 0.712782 0.707959 0.737214 0.695673 0.740576 0.68668 0.74962 0.683388 0.761925 0.658816 0.737353 0.683388 0.712782 0.695673 0.740576 0.68668 0.74962 0.909136 0.736214 0.884565 0.760786 0.881273 0.748519 0.872279 0.739576 0.859993 0.736353 0.884565 0.711643 0.909136 0.736214 0.881273 0.748519 0.884565 0.711643 0.867969 0.734585 0.847452 0.755218 0.857711 0.757909 0.86522 0.765377 0.867969 0.77562 0.888487 0.755102 0.867969 0.734585 0.857711 0.757909 0.86522 0.765377 0.697024 0.717831 0.718264 0.739072 0.707644 0.741918 0.699869 0.749693 0.697024 0.760313 0.675783 0.739072 0.697024 0.717831 0.707644 0.741918 0.699869 0.749693 0.677532 0.752287 0.69843 0.773184 0.701229 0.762735 0.708878 0.755087 0.719327 0.752287 0.69843 0.73139 0.677532 0.752287 0.701229 0.762735 0.69843 0.73139 0.686743 0.725621 0.710495 0.749372 0.698619 0.752555 0.689925 0.761248 0.686743 0.773124 0.662991 0.749372 0.686743 0.725621 0.698619 0.752555 0.689925 0.761248 0.668341 0.751028 0.691043 0.773729 0.694084 0.762378 0.702393 0.754069 0.713744 0.751028 0.691043 0.728326 0.668341 0.751028 0.694084 0.762378 0.691043 0.728326 0.892169 0.739072 0.870929 0.760313 0.868083 0.749693 0.860308 0.741918 0.849688 0.739072 0.870929 0.717831 0.892169 0.739072 0.868083 0.749693 0.870929 0.717831 0.869523 0.73139 0.848626 0.752287 0.859074 0.755087 0.866723 0.762735 0.869523 0.773184 0.89042 0.752287 0.869523 0.73139 0.859074 0.755087 0.866723 0.762735 0.904961 0.749372 0.881209 0.773124 0.878027 0.761248 0.869333 0.752555 0.857457 0.749372 0.881209 0.725621 0.904961 0.749372 0.878027 0.761248 0.881209 0.725621 0.87691 0.728326 0.854208 0.751028 0.865559 0.754069 0.873868 0.762378 0.87691 0.773729 0.899611 0.751028 0.87691 0.728326 0.865559 0.754069 0.873868 0.762378 0.875202 0.703828 0.848847 0.730184 0.862025 0.733716 0.871672 0.743363 0.875202 0.756541 0.901559 0.730184 0.875202 0.703828 0.862025 0.733716 0.871672 0.743363 0.899163 0.741523 0.873669 0.767017 0.870253 0.75427 0.860922 0.744939 0.848175 0.741523 0.873669 0.716029 0.899163 0.741523 0.870253 0.75427 0.873669 0.716029 0.710386 0.791802 0.710386 0.746068 0.695353 0.746068 0.695353 0.791802 0.695353 0.746068 0.684348 0.746068 0.612419 0.746068 0.627452 0.746068 0.627452 0.791802 0.712686 0.805429 0.712686 0.757056 0.696785 0.757056 0.696785 0.757056 0.685145 0.757056 0.685145 0.805429 0.609066 0.757056 0.624966 0.757056 0.624966 0.805429 0.714804 0.736192 0.699305 0.736192 0.699305 0.783341 0.699305 0.783341 0.699305 0.736192 0.68796 0.736192 0.613805 0.736192 0.629303 0.736192 0.629303 0.783341 0.709989 0.791487 0.709989 0.747194 0.695429 0.747194 0.695429 0.791487 0.695429 0.747194 0.684771 0.747194 0.615107 0.747194 0.629667 0.747194 0.629667 0.791487 0.915456 0.762922 0.925371 0.762922 0.925371 0.793084 0.614224 0.762922 0.621482 0.762922 0.621482 0.793084 0.621482 0.793084 0.621482 0.762922 0.631397 0.762922 0.92271 0.801357 0.92271 0.771425 0.932549 0.771425 0.62314 0.801357 0.62314 0.771425 0.630343 0.771425 0.630343 0.771425 0.640181 0.771425 0.640181 0.801357 0.920294 0.789278 0.920294 0.758027 0.930566 0.758027 0.608354 0.789278 0.608354 0.758027 0.615874 0.758027 0.615874 0.758027 0.626146 0.758027 0.626146 0.789278 0.920666 0.78495 0.920666 0.753731 0.930928 0.753731 0.609086 0.753731 0.616598 0.753731 0.616598 0.78495 0.616598 0.753731 0.62686 0.753731 0.62686 0.78495 0.631397 0.793084 0.631397 0.762922 0.621482 0.762922 0.621482 0.762922 0.614224 0.762922 0.614224 0.793084 0.736466 0.793084 0.736466 0.762922 0.74638 0.762922 0.883817 0.791802 0.883817 0.746068 0.898851 0.746068 0.898851 0.746068 0.909856 0.746068 0.909856 0.791802 0.695353 0.746068 0.710386 0.746068 0.710386 0.791802 0.640181 0.801357 0.640181 0.771425 0.630343 0.771425 0.630343 0.771425 0.62314 0.771425 0.62314 0.801357 0.74509 0.771425 0.754929 0.771425 0.754929 0.801357 0.896122 0.805429 0.896122 0.757056 0.912023 0.757056 0.912023 0.805429 0.912023 0.757056 0.923663 0.757056 0.696785 0.757056 0.712686 0.757056 0.712686 0.805429 0.626146 0.789278 0.626146 0.758027 0.615874 0.758027 0.615874 0.789278 0.615874 0.758027 0.608354 0.758027 0.734841 0.758027 0.745113 0.758027 0.745113 0.789278 0.893602 0.783341 0.893602 0.736192 0.9091 0.736192 0.9091 0.736192 0.920446 0.736192 0.920446 0.783341 0.699305 0.783341 0.699305 0.736192 0.714804 0.736192 0.62686 0.78495 0.62686 0.753731 0.616598 0.753731 0.616598 0.78495 0.616598 0.753731 0.609086 0.753731 0.735403 0.753731 0.745665 0.753731 0.745665 0.78495 0.877957 0.791487 0.877957 0.747194 0.892517 0.747194 0.892517 0.747194 0.903176 0.747194 0.903176 0.791487 0.695429 0.747194 0.709989 0.747194 0.709989 0.791487 0.631361 0.80059 0.631361 0.741272 0.611862 0.741272 0.720996 0.741272 0.73527 0.741272 0.73527 0.80059 0.73527 0.741272 0.754768 0.741272 0.754768 0.80059 0.872648 0.80059 0.892146 0.80059 0.892146 0.741272 0.892146 0.741272 0.892146 0.80059 0.90642 0.80059 0.73527 0.741272 0.73527 0.80059 0.754768 0.80059 0.63954 0.797564 0.63954 0.741117 0.620985 0.741117 0.724838 0.741117 0.738421 0.741117 0.738421 0.797564 0.738421 0.797564 0.738421 0.741117 0.756976 0.741117 0.869151 0.797564 0.887706 0.797564 0.887706 0.741117 0.887706 0.741117 0.887706 0.797564 0.901289 0.797564 0.738421 0.797564 0.756976 0.797564 0.756976 0.741117 0.641041 0.803003 0.641041 0.744473 0.621802 0.744473 0.729487 0.744473 0.743571 0.744473 0.743571 0.803003 0.743571 0.803003 0.743571 0.744473 0.76281 0.744473 0.628066 0.817796 0.628066 0.754169 0.607151 0.754169 0.724213 0.817796 0.724213 0.754169 0.739524 0.754169 0.739524 0.817796 0.739524 0.754169 0.760439 0.754169 0.879124 0.803003 0.898364 0.803003 0.898364 0.744473 0.898364 0.744473 0.898364 0.803003 0.912448 0.803003 0.743571 0.803003 0.76281 0.803003 0.76281 0.744473 0.866513 0.82376 0.88059 0.82376 0.88059 0.780935 0.682032 0.82394 0.692412 0.82394 0.692412 0.780803 0.729449 0.845502 0.779163 0.845502 0.779163 0.82916 0.880989 0.781146 0.880989 0.823579 0.894937 0.823579 0.905463 0.781146 0.905463 0.823579 0.895253 0.823579 0.783681 0.723676 0.783681 0.708882 0.828687 0.708882 0.682452 0.800507 0.682452 0.762126 0.669836 0.762126 0.660622 0.800507 0.660622 0.762126 0.66991 0.762126 0.806358 0.685763 0.806358 0.706476 0.743437 0.706476 0.838576 0.800507 0.851192 0.800507 0.851192 0.762126 0.851192 0.800507 0.860428 0.800507 0.860428 0.762126 0.735877 0.830513 0.735877 0.818927 0.700578 0.818927 0.690665 0.809437 0.690665 0.761632 0.674951 0.761632 0.663513 0.809437 0.663513 0.761632 0.675016 0.761632 0.824268 0.860494 0.759682 0.860494 0.759682 0.839264 0.676139 0.811658 0.676139 0.756315 0.657947 0.756315 0.644966 0.811658 0.644966 0.756315 0.658284 0.756315 0.746726 0.86724 0.746726 0.847802 0.80586 0.847802 0.885121 0.809437 0.900835 0.809437 0.900835 0.761632 0.663513 0.809437 0.675016 0.809437 0.675016 0.761632 0.790976 0.817127 0.790976 0.800725 0.741079 0.800725 0.901261 0.811658 0.919453 0.811658 0.919453 0.756315 0.644966 0.811658 0.658284 0.811658 0.658284 0.756315 0.72828 0.874808 0.795792 0.874808 0.795792 0.852616 0.886882 0.817796 0.907797 0.817796 0.907797 0.754169 0.907797 0.817796 0.923108 0.817796 0.923108 0.754169 0.739524 0.817796 0.760439 0.817796 0.760439 0.754169 0.903487 0.726843 0.903487 0.741523 0.899163 0.741523 0.899163 0.741523 0.873669 0.716029 0.89074 0.704765 0.873669 0.716029 0.873669 0.701349 0.877993 0.701349 0.89074 0.704765 0.873669 0.716029 0.877993 0.701349 0.89074 0.704765 0.900071 0.714096 0.899163 0.741523 0.302943 0.179804 0.313756 0.179804 0.313756 0.208905 0.299188 0.16468 0.310449 0.16468 0.310449 0.194988 0.298566 0.151008 0.309934 0.151008 0.309934 0.181603 0.296844 0.14686 0.308321 0.14686 0.308321 0.177749 1.2e-4 0.465829 0.002718985 0.465829 0.002718985 0.518587 0.302943 0.616313 0.302943 0.588664 0.313756 0.588664 0.299188 0.619291 0.299188 0.590496 0.310449 0.590496 0.298566 0.609933 0.298566 0.580864 0.309934 0.580864 0.296844 0.610204 0.296844 0.580855 0.308321 0.580855 0.075392 0.363738 0.075392 0.395454 0.196131 0.395454 0.381727 0.447306 0.381727 0.332698 0.05623197 0.332698 0.05623197 0.332698 0.04140096 0.332698 0.04140096 0.447306 0.02564096 0.447306 0.02564096 0.332698 0.01060998 0.332698 0.07690596 0.184538 0.195868 0.184538 0.195868 0.524807 0.402997 0.162143 0.402997 0.273153 0.388335 0.273153 0.07461196 0.302744 0.1963019 0.302744 0.1963019 0.319597 0.04140096 0.447306 0.04140096 0.332698 0.02564096 0.332698 0.403669 0.986188 0.5002 0.986188 0.5002 0.998769 0.07597696 0.383684 0.07597696 0.352005 0.197437 0.352005 0.389078 0.382972 0.389078 0.207927 0.402438 0.207927 1.54e-4 0.435155 0.002522945 0.435155 0.002522945 0.347902 0.879812 0.02426397 0.879812 0.01077497 0.701825 0.01077497 1.2e-4 0.273655 0.002718985 0.273655 0.002718985 0.370083 0.313756 0.2172189 0.313756 0.208905 0.389446 0.179804 0.313756 0.208905 0.313756 0.179804 0.389446 0.179804 0.313756 0.2172189 0.389446 0.179804 0.389446 0.383509 0.302943 0.549798 0.302943 0.383509 0.313756 0.383509 0.302943 0.383509 0.227252 0.383509 0.302943 0.2172189 0.227252 0.383509 0.227252 0.179804 0.302943 0.2172189 0.227252 0.179804 0.302943 0.179804 0.302943 0.208905 0.879812 0.230646 0.879812 0.164979 0.701825 0.164979 0.879812 0.240027 0.879812 0.230646 0.701825 0.230646 0.879812 0.305694 0.879812 0.240027 0.701825 0.240027 0.310449 0.203647 0.310449 0.194988 0.389278 0.16468 0.310449 0.194988 0.310449 0.16468 0.389278 0.16468 0.310449 0.203647 0.389278 0.16468 0.389279 0.376832 0.299188 0.550017 0.299188 0.376832 0.310449 0.376832 0.299188 0.376832 0.220358 0.376832 0.299188 0.203647 0.220358 0.376832 0.220358 0.16468 0.299188 0.203647 0.220358 0.16468 0.299188 0.16468 0.299188 0.194988 0.879812 0.371361 0.879812 0.305694 0.701825 0.305694 0.879812 0.380742 0.879812 0.371361 0.701825 0.371361 0.879812 0.446409 0.879812 0.380742 0.701825 0.380742 0.879812 0.51199 0.879812 0.446409 0.701825 0.446409 0.879812 0.521371 0.879812 0.51199 0.701825 0.51199 0.879812 0.587124 0.879812 0.521371 0.701825 0.521371 0.309934 0.190345 0.309934 0.181603 0.389408 0.151008 0.309934 0.181603 0.309934 0.151008 0.389408 0.151008 0.309934 0.190345 0.389408 0.151008 0.389408 0.365173 0.298566 0.540001 0.298566 0.365173 0.309934 0.365173 0.298566 0.365173 0.218885 0.365173 0.298566 0.190345 0.218885 0.365173 0.218885 0.151008 0.298566 0.190345 0.218885 0.151008 0.298566 0.151008 0.298566 0.181603 0.308321 0.1865749 0.308321 0.177749 0.388665 0.14686 0.308321 0.177749 0.308321 0.14686 0.388665 0.14686 0.308321 0.1865749 0.388665 0.14686 0.388665 0.363087 0.296844 0.539599 0.296844 0.363087 0.308321 0.363087 0.296844 0.363087 0.2165 0.363087 0.296844 0.1865749 0.2165 0.363087 0.2165 0.14686 0.296844 0.1865749 0.2165 0.14686 0.296844 0.14686 0.296844 0.177749 0.879812 0.08993095 0.879812 0.02426397 0.701825 0.02426397 0.879812 0.099312 0.879812 0.08993095 0.701825 0.08993095 0.879812 0.164979 0.879812 0.099312 0.701825 0.099312</float_array>
          <technique_common>
            <accessor source="#Cube_001_Cube_002-mesh-map-0-array" count="4992" stride="2">
              <param name="S" type="float"/>
              <param name="T" type="float"/>
            </accessor>
          </technique_common>
        </source>
        <vertices id="Cube_001_Cube_002-mesh-vertices">
          <input semantic="POSITION" source="#Cube_001_Cube_002-mesh-positions"/>
        </vertices>
        <triangles material="Material_001-material" count="1664">
          <input semantic="VERTEX" source="#Cube_001_Cube_002-mesh-vertices" offset="0"/>
          <input semantic="NORMAL" source="#Cube_001_Cube_002-mesh-normals" offset="1"/>
          <input semantic="TEXCOORD" source="#Cube_001_Cube_002-mesh-map-0" offset="2" set="0"/>
          <p>1 0 0 3 1 1 0 2 2 5 3 3 7 4 4 4 5 5 9 6 6 11 7 7 8 8 8 13 9 9 8 8 10 12 10 11 14 11 12 16 12 13 17 13 14 19 14 15 21 15 16 18 16 17 23 17 18 25 18 19 22 19 20 23 20 21 28 21 22 26 22 23 12 10 24 30 23 25 13 9 26 32 24 27 34 25 28 31 26 29 36 27 30 38 28 31 35 29 32 40 30 33 42 31 34 39 32 35 31 26 36 39 32 37 32 24 38 26 33 39 24 34 40 23 35 41 45 36 42 47 37 43 44 38 44 41 39 45 35 29 46 42 31 47 49 40 48 51 41 49 48 42 50 52 43 51 50 44 52 49 45 53 10 46 54 0 2 55 11 7 56 17 47 57 54 48 58 51 49 59 53 50 60 51 49 61 50 51 62 21 52 63 55 53 64 56 54 65 55 53 66 57 55 67 56 54 68 25 56 69 43 57 70 57 55 71 16 58 72 59 59 73 54 48 74 5 60 75 16 12 76 15 61 77 4 62 78 58 62 79 5 63 80 19 19 81 55 19 82 20 19 83 62 64 84 57 65 85 61 42 86 4 66 87 54 67 88 59 68 89 18 69 90 56 70 91 62 64 92 26 71 93 57 65 94 43 72 95 52 73 96 17 13 97 53 74 98 64 75 99 1 76 100 10 77 101 66 78 102 35 79 103 38 80 104 49 81 105 69 82 106 52 83 107 70 84 108 3 85 109 2 86 110 72 87 111 39 88 112 42 89 113 74 90 114 9 91 115 13 92 116 67 93 117 42 89 118 35 79 119 9 91 120 64 75 121 10 77 122 76 94 123 38 95 124 37 96 125 1 76 126 70 97 127 2 42 128 39 88 129 77 98 130 32 99 131 78 100 132 34 101 133 33 102 134 80 103 135 30 104 136 29 105 137 18 106 138 83 107 139 19 108 140 74 90 141 30 109 142 81 110 143 32 99 144 78 111 145 33 19 146 84 112 147 86 113 148 87 114 149 88 115 150 86 113 151 85 116 152 88 115 153 91 117 154 89 118 155 93 119 156 95 120 157 92 121 158 96 122 159 94 123 160 93 119 161 96 122 162 99 124 163 97 42 164 101 125 165 103 126 166 100 127 167 104 128 168 102 129 169 101 125 170 106 130 171 105 131 172 104 128 173 109 132 174 111 133 175 108 134 176 112 135 177 110 136 178 109 132 179 114 137 180 113 138 181 112 135 182 116 139 183 118 140 184 119 141 185 120 142 186 118 140 187 117 143 188 120 142 189 123 144 190 121 145 191 125 146 192 127 147 193 124 148 194 128 149 195 126 150 196 125 146 197 128 149 198 131 151 199 129 152 200 98 153 201 117 143 202 116 139 203 93 119 204 117 143 205 96 122 206 92 121 207 120 142 208 93 119 209 127 147 210 85 116 211 84 112 212 129 152 213 85 116 214 126 150 215 131 151 216 88 115 217 129 152 218 103 154 219 132 155 220 133 156 221 105 157 222 132 155 223 102 158 224 107 159 225 134 160 226 105 157 227 111 161 228 125 146 229 124 148 230 110 162 231 128 149 232 125 146 233 115 163 234 128 149 235 113 164 236 118 140 237 100 127 238 119 141 239 121 145 240 101 125 241 118 140 242 121 145 243 106 130 244 104 128 245 87 114 246 136 165 247 137 166 248 86 113 249 138 167 250 136 165 251 91 117 252 138 167 253 89 118 254 141 168 255 99 169 256 140 170 257 142 171 258 97 172 259 141 168 260 143 173 261 94 174 262 142 171 263 136 175 264 145 176 265 137 177 266 138 178 267 144 179 268 136 175 269 139 180 270 146 181 271 138 178 272 148 182 273 91 117 274 90 183 275 148 182 276 151 184 277 149 185 278 152 186 279 151 184 280 150 187 281 154 188 282 156 189 283 157 190 284 158 191 285 156 189 286 155 192 287 92 121 288 159 193 289 158 191 290 160 194 291 107 195 292 106 130 293 160 194 294 163 196 295 161 197 296 162 198 297 165 199 298 163 196 299 166 132 300 115 200 301 114 137 302 168 201 303 167 202 304 166 132 305 170 203 306 169 204 307 168 201 308 122 205 309 173 206 310 123 144 311 174 207 312 173 206 313 172 208 314 174 207 315 177 209 316 175 210 317 130 211 318 179 212 319 131 151 320 180 213 321 179 212 322 178 214 323 180 213 324 183 215 325 181 216 326 158 191 327 122 205 328 92 121 329 155 192 330 172 208 331 158 191 332 155 192 333 176 217 334 174 207 335 179 212 336 90 183 337 131 151 338 179 212 339 150 187 340 148 182 341 183 215 342 150 187 343 181 216 344 161 218 345 135 219 346 107 159 347 163 220 348 184 221 349 161 218 350 165 222 351 185 223 352 163 220 353 167 224 354 130 211 355 115 163 356 169 225 357 178 214 358 167 224 359 171 226 360 180 213 361 169 225 362 123 144 363 160 194 364 106 130 365 175 210 366 160 194 367 173 206 368 177 209 369 162 198 370 175 210 371 149 185 372 139 227 373 91 117 374 151 184 375 187 228 376 149 185 377 153 229 378 188 230 379 151 184 380 190 231 381 95 232 382 143 173 383 191 233 384 159 234 385 190 231 386 192 235 387 156 236 388 191 233 389 187 237 390 147 238 391 139 180 392 188 239 393 193 240 394 187 237 395 189 241 396 194 242 397 188 239 398 196 243 399 82 244 400 18 69 401 198 245 402 197 246 403 196 243 404 198 245 405 157 190 406 199 247 407 200 248 408 195 249 409 189 241 410 202 250 411 201 251 412 200 248 413 68 252 414 202 250 415 69 253 416 204 254 417 157 255 418 192 235 419 205 256 420 199 257 421 204 254 422 82 258 423 205 256 424 83 259 425 153 229 426 200 260 427 189 261 428 206 262 429 202 263 430 200 260 431 52 73 432 202 263 433 207 264 434 208 265 435 164 266 436 177 209 437 208 265 438 211 267 439 209 268 440 26 71 441 210 269 442 61 42 443 171 226 444 213 270 445 182 271 446 214 272 447 213 270 448 212 273 449 6 274 450 215 275 451 214 272 452 216 276 453 186 277 454 165 222 455 218 278 456 217 279 457 216 276 458 27 280 459 218 278 460 28 281 461 220 282 462 152 186 463 183 215 464 220 282 465 223 283 466 221 284 467 15 61 468 223 283 469 222 285 470 198 245 471 176 217 472 154 188 473 198 245 474 225 286 475 224 287 476 18 69 477 225 286 478 196 243 479 213 270 480 183 215 481 182 271 482 215 275 483 220 282 484 213 270 485 15 61 486 215 275 487 5 60 488 176 217 489 208 265 490 177 209 491 224 287 492 210 269 493 208 265 494 62 64 495 210 269 496 225 286 497 226 288 498 171 289 499 170 203 500 227 290 501 212 291 502 226 288 503 6 292 504 227 290 505 7 293 506 209 268 507 165 199 508 164 266 509 211 267 510 216 294 511 209 268 512 26 71 513 218 295 514 211 267 515 152 186 516 206 262 517 153 229 518 221 284 519 207 264 520 206 262 521 14 11 522 207 264 523 223 283 524 228 296 525 77 98 526 73 297 527 228 296 528 231 298 529 229 299 530 230 300 531 87 114 532 231 298 533 65 301 534 233 302 535 70 97 536 232 303 537 235 304 538 233 302 539 234 305 540 103 126 541 235 304 542 236 306 543 66 307 544 76 94 545 238 308 546 237 309 547 236 306 548 108 134 549 239 310 550 238 308 551 75 311 552 241 312 553 64 75 554 242 313 555 241 312 556 240 314 557 242 313 558 119 141 559 243 315 560 67 93 561 245 316 562 72 87 563 246 317 564 245 316 565 244 318 566 124 148 567 247 319 568 246 317 569 74 90 570 240 314 571 75 311 572 249 320 573 240 314 574 248 321 575 98 153 576 242 313 577 249 320 578 245 316 579 73 297 580 72 87 581 245 316 582 230 300 583 228 296 584 127 147 585 230 300 586 247 319 587 233 322 588 71 323 589 70 84 590 235 324 591 250 325 592 233 322 593 103 154 594 251 326 595 235 324 596 66 78 597 244 318 598 67 93 599 237 327 600 246 317 601 244 318 602 239 328 603 124 148 604 246 317 605 241 312 606 65 301 607 64 75 608 243 315 609 232 303 610 241 312 611 119 141 612 234 305 613 243 315 614 229 299 615 78 111 616 77 98 617 229 299 618 253 329 619 252 19 620 231 298 621 137 166 622 253 329 623 254 330 624 81 331 625 80 103 626 256 332 627 255 333 628 254 330 629 140 170 630 257 334 631 256 332 632 252 335 633 79 336 634 78 100 635 253 337 636 258 338 637 252 335 638 137 177 639 259 339 640 253 337 641 98 153 642 257 340 643 99 124 644 248 321 645 257 340 646 249 320 647 248 321 648 81 110 649 255 341 650 261 342 651 263 343 652 260 344 653 264 345 654 256 332 655 254 330 656 260 344 657 79 336 658 258 338 659 260 344 660 267 346 661 266 347 662 268 348 663 254 330 664 80 103 665 108 134 666 238 308 667 270 349 668 277 350 669 278 351 670 274 352 671 274 352 672 279 353 673 280 354 674 71 323 675 250 325 676 284 355 677 286 356 678 287 357 679 288 358 680 291 359 681 76 94 682 292 360 683 251 326 684 284 355 685 250 325 686 293 361 687 294 362 688 295 363 689 302 364 690 303 365 691 297 366 692 276 367 693 305 368 694 287 357 695 270 349 696 236 306 697 291 359 698 186 277 699 217 279 700 309 369 701 311 370 702 312 371 703 313 372 704 7 293 705 227 290 706 317 373 707 320 374 708 8 8 709 11 7 710 323 375 711 324 376 712 325 377 713 328 378 714 170 203 715 329 379 716 219 380 717 309 369 718 217 279 719 336 381 720 337 382 721 331 383 722 345 384 723 346 385 724 340 386 725 312 371 726 348 387 727 324 376 728 227 290 729 328 378 730 317 373 731 83 259 732 350 388 733 349 389 734 352 390 735 354 391 736 351 392 737 351 392 738 203 393 739 68 252 740 354 391 741 201 251 742 203 393 743 354 391 744 356 394 745 355 395 746 205 256 747 357 396 748 350 388 749 355 395 750 195 249 751 201 251 752 355 395 753 359 397 754 358 398 755 204 254 756 360 399 757 357 396 758 358 398 759 194 242 760 195 249 761 358 398 762 362 400 763 361 401 764 192 235 765 363 402 766 360 399 767 361 401 768 193 240 769 194 242 770 361 401 771 365 403 772 364 404 773 191 233 774 366 405 775 363 402 776 364 404 777 147 238 778 193 240 779 364 404 780 368 406 781 367 407 782 190 231 783 369 408 784 366 405 785 170 203 786 168 201 787 370 409 788 375 410 789 376 411 790 308 412 791 308 412 792 377 413 793 378 414 794 135 219 795 184 221 796 382 415 797 384 416 798 385 417 799 386 418 800 389 419 801 114 137 802 390 420 803 185 223 804 382 415 805 184 221 806 285 421 807 391 422 808 392 423 809 393 424 810 346 425 811 394 19 812 374 426 813 396 427 814 385 417 815 168 201 816 389 419 817 370 409 818 143 173 819 397 428 820 369 408 821 367 407 822 399 429 823 398 430 824 367 407 825 146 181 826 147 238 827 398 430 828 144 179 829 146 181 830 398 430 831 401 431 832 400 432 833 142 171 834 402 433 835 397 428 836 400 432 837 145 176 838 144 179 839 400 432 840 404 434 841 403 435 842 141 168 843 405 436 844 402 433 845 114 137 846 112 135 847 406 437 848 411 438 849 412 439 850 381 440 851 381 440 852 413 441 853 414 442 854 133 156 855 132 155 856 417 443 857 419 444 858 420 445 859 275 446 860 423 447 861 108 134 862 269 448 863 134 160 864 417 443 865 132 155 866 430 449 867 431 450 868 425 451 869 437 452 870 438 453 871 432 454 872 410 455 873 441 456 874 420 445 875 112 135 876 423 447 877 406 437 878 19 108 879 349 457 880 442 458 881 444 459 882 351 460 883 443 461 884 79 336 885 445 462 886 34 101 887 310 463 888 446 464 889 330 465 890 266 347 891 447 466 892 445 462 893 80 103 894 448 467 895 268 348 896 31 26 897 445 468 898 449 469 899 450 470 900 447 471 901 448 472 902 450 470 903 29 473 904 12 10 905 283 474 906 3 85 907 71 323 908 283 474 909 453 475 910 452 476 911 76 94 912 454 477 913 292 360 914 22 478 915 456 479 916 455 480 917 458 481 918 460 482 919 457 483 920 457 483 921 54 484 922 63 485 923 460 486 924 51 49 925 54 48 926 463 487 927 456 488 928 462 489 929 462 489 930 25 56 931 55 53 932 464 490 933 11 7 934 0 2 935 465 491 936 467 492 937 468 493 938 468 493 939 41 39 940 465 491 941 469 494 942 63 495 943 4 5 944 458 496 945 471 497 946 455 498 947 471 497 948 22 499 949 455 498 950 310 500 951 23 20 952 471 497 953 470 501 954 310 500 955 471 497 956 469 494 957 7 4 958 316 502 959 472 503 960 19 108 961 442 458 962 261 342 963 258 338 964 259 339 965 444 459 966 472 503 967 442 458 968 474 504 969 49 81 970 48 505 971 481 506 972 482 507 973 476 508 974 452 509 975 0 2 976 3 1 977 483 510 978 44 38 979 338 511 980 488 512 981 489 513 982 485 514 983 467 492 984 454 515 985 468 493 986 454 515 987 36 27 988 468 493 989 465 491 990 40 30 991 490 516 992 492 517 993 494 518 994 491 519 995 501 520 996 502 521 997 496 522 998 504 523 999 506 524 1000 503 525 1001 490 516 1002 466 526 1003 465 491 1004 513 527 1005 514 528 1006 508 529 1007 321 530 1008 12 10 1009 8 8 1010 449 469 1011 40 30 1012 31 26 1013 273 531 1014 285 532 1015 282 533 1016 315 534 1017 322 535 1018 307 536 1019 490 516 1020 451 537 1021 507 538 1022 403 435 1023 259 339 1024 145 176 1025 461 539 1026 48 540 1027 51 541 1028 373 542 1029 383 543 1030 380 544 1031 409 545 1032 418 546 1033 416 547 1034 463 548 1035 472 549 1036 473 550 1037 271 551 1038 289 552 1039 272 553 1040 472 549 1041 55 554 1042 60 555 1043 403 435 1044 262 556 1045 261 342 1046 318 557 1047 326 558 1048 319 559 1049 371 560 1050 387 561 1051 372 562 1052 407 563 1053 421 564 1054 408 565 1055 140 170 1056 265 566 1057 405 436 1058 516 567 1059 518 568 1060 519 42 1061 526 569 1062 527 570 1063 521 571 1064 296 572 1065 529 573 1066 528 574 1067 530 575 1068 532 576 1069 533 42 1070 534 577 1071 435 578 1072 434 579 1073 537 580 1074 539 581 1075 536 582 1076 510 583 1077 541 584 1078 511 19 1079 542 585 1080 482 586 1081 543 42 1082 545 587 1083 547 588 1084 544 589 1085 548 590 1086 502 591 1087 549 42 1088 550 592 1089 334 593 1090 333 594 1091 553 595 1092 555 596 1093 552 597 1094 559 598 1095 560 599 1096 556 600 1097 565 601 1098 566 602 1099 562 603 1100 573 604 1101 46 605 1102 568 606 1103 574 607 1104 576 608 1105 577 19 1106 581 609 1107 493 610 1108 578 611 1109 587 612 1110 554 613 1111 582 614 1112 434 615 1113 433 616 1114 588 617 1115 592 618 1116 593 619 1117 589 620 1118 596 621 1119 342 622 1120 595 623 1121 598 624 1122 439 625 1123 597 626 1124 479 627 1125 601 628 1126 600 629 1127 606 630 1128 532 631 1129 602 632 1130 585 633 1131 608 634 1132 607 635 1133 609 636 1134 527 637 1135 610 42 1136 616 638 1137 541 639 1138 611 640 1139 424 641 1140 557 642 1141 293 643 1142 570 644 1143 489 645 1144 571 646 1145 622 647 1146 576 648 1147 617 649 1148 339 650 1149 623 651 1150 340 386 1151 624 652 1152 300 653 1153 299 519 1154 629 654 1155 630 655 1156 626 656 1157 561 36 1158 428 37 1159 427 38 1160 633 657 1161 595 623 1162 632 629 1163 637 658 1164 638 659 1165 634 660 1166 643 661 1167 600 662 1168 640 663 1169 601 628 1170 492 517 1171 491 519 1172 647 664 1173 648 665 1174 644 666 1175 652 667 1176 546 668 1177 649 669 1178 594 670 1179 515 652 1180 613 519 1181 567 671 1182 343 653 1183 342 622 1184 657 672 1185 607 673 1186 654 674 1187 613 675 1188 612 676 1189 659 677 1190 498 678 1191 497 679 1192 661 680 1193 484 681 1194 662 682 1195 485 514 1196 667 683 1197 538 684 1198 663 685 1199 393 686 1200 563 687 1201 668 688 1202 631 689 1203 620 690 1204 619 691 1205 673 692 1206 551 693 1207 669 694 1208 665 629 1209 594 670 1210 593 629 1211 499 633 1212 675 634 1213 674 635 1214 318 695 1215 623 696 1216 327 697 1217 604 37 1218 598 624 1219 648 698 1220 515 652 1221 614 653 1222 613 519 1223 524 629 1224 639 670 1225 638 629 1226 679 699 1227 632 700 1228 676 701 1229 281 702 1230 681 703 1231 279 704 1232 685 705 1233 625 706 1234 682 707 1235 671 708 1236 338 511 1237 337 709 1238 545 710 1239 686 711 1240 649 669 1241 439 625 1242 687 712 1243 597 626 1244 691 713 1245 674 714 1246 688 715 1247 695 716 1248 535 717 1249 692 718 1250 424 719 1251 696 720 1252 425 451 1253 290 721 1254 295 722 1255 696 42 1256 427 723 1257 426 724 1258 698 725 1259 304 726 1260 548 590 1261 305 727 1262 495 728 1263 506 729 1264 496 522 1265 574 730 1266 627 731 1267 699 732 1268 548 733 1269 689 734 1270 505 735 1271 701 736 1272 703 737 1273 700 738 1274 705 739 1275 707 740 1276 704 741 1277 706 742 1278 626 656 1279 631 743 1280 423 744 1281 574 607 1282 406 745 1283 441 746 1284 553 595 1285 552 597 1286 553 747 1287 703 748 1288 582 614 1289 338 749 1290 44 750 1291 708 751 1292 552 752 1293 655 753 1294 702 754 1295 709 755 1296 711 756 1297 710 757 1298 711 758 1299 568 606 1300 45 759 1301 713 760 1302 676 701 1303 595 761 1304 370 762 1305 484 763 1306 570 644 1307 328 764 1308 393 424 1309 317 765 1310 713 766 1311 715 767 1312 714 768 1313 550 769 1314 717 770 1315 669 694 1316 715 771 1317 562 603 1318 567 772 1319 395 773 1320 333 594 1321 396 774 1322 333 775 1323 332 776 1324 720 777 1325 721 778 1326 722 779 1327 624 780 1328 716 781 1329 720 782 1330 717 19 1331 724 783 1332 721 783 1333 723 784 1334 284 785 1335 520 786 1336 609 636 1337 609 787 1338 635 788 1339 680 789 1340 723 790 1341 634 660 1342 639 791 1343 286 792 1344 528 574 1345 277 793 1346 296 794 1347 392 795 1348 297 366 1349 601 796 1350 491 797 1351 726 798 1352 528 799 1353 683 800 1354 391 801 1355 726 802 1356 727 803 1357 728 804 1358 419 805 1359 544 589 1360 411 806 1361 727 807 1362 578 611 1363 492 808 1364 544 809 1365 579 810 1366 729 811 1367 542 812 1368 641 813 1369 730 814 1370 417 815 1371 475 816 1372 542 585 1373 415 817 1374 731 818 1375 413 819 1376 510 820 1377 509 821 1378 732 822 1379 734 823 1380 432 454 1381 439 824 1382 384 825 1383 510 583 1384 375 826 1385 659 827 1386 736 828 1387 658 784 1388 515 829 1389 653 830 1390 736 831 1391 537 832 1392 737 833 1393 663 685 1394 575 834 1395 738 835 1396 617 649 1397 422 836 1398 699 837 1399 738 42 1400 584 838 1401 619 691 1402 608 634 1403 323 839 1404 434 579 1405 313 840 1406 740 841 1407 733 842 1408 739 843 1409 597 844 1410 693 845 1411 740 846 1412 531 847 1413 741 848 1414 602 632 1415 619 849 1416 618 850 1417 705 851 1418 570 852 1419 569 853 1420 742 854 1421 371 855 1422 662 856 1423 388 857 1424 534 858 1425 743 859 1426 692 718 1427 536 860 1428 590 861 1429 744 862 1430 382 863 1431 537 580 1432 536 582 1433 379 864 1434 737 865 1435 377 866 1436 309 867 1437 531 868 1438 530 575 1439 322 869 1440 588 870 1441 743 42 1442 383 871 1443 732 872 1444 745 42 1445 540 873 1446 745 874 1447 611 640 1448 731 875 1449 476 508 1450 475 876 1451 746 877 1452 748 878 1453 749 19 1454 530 879 1455 645 880 1456 750 881 1457 306 882 1458 741 883 1459 446 884 1460 517 885 1461 749 886 1462 751 887 1463 418 888 1464 729 889 1465 686 42 1466 520 890 1467 681 891 1468 521 571 1469 639 670 1470 624 652 1471 299 519 1472 498 510 1473 427 38 1474 675 634 1475 348 892 1476 517 893 1477 516 567 1478 516 894 1479 677 895 1480 748 896 1481 697 755 1482 660 756 1483 661 757 1484 270 897 1485 424 641 1486 293 643 1487 753 898 1488 294 362 1489 556 600 1490 754 899 1491 755 900 1492 426 724 1493 757 901 1494 689 734 1495 688 715 1496 758 902 1497 759 903 1498 497 679 1499 761 904 1500 627 731 1501 626 656 1502 762 905 1503 763 906 1504 618 850 1505 765 907 1506 655 753 1507 654 674 1508 766 908 1509 767 909 1510 583 910 1511 768 911 1512 769 912 1513 486 913 1514 771 914 1515 569 853 1516 568 606 1517 772 915 1518 773 916 1519 341 917 1520 775 918 1521 563 687 1522 562 603 1523 776 919 1524 777 920 1525 670 921 1526 779 922 1527 332 776 1528 331 383 1529 780 923 1530 781 924 1531 522 925 1532 783 926 1533 635 788 1534 634 660 1535 785 927 1536 683 800 1537 682 707 1538 786 928 1539 787 929 1540 298 930 1541 788 931 1542 789 932 1543 650 933 1544 791 934 1545 579 810 1546 578 611 1547 792 935 1548 793 936 1549 477 937 1550 795 938 1551 641 813 1552 640 663 1553 797 939 1554 509 821 1555 508 529 1556 798 940 1557 799 941 1558 612 676 1559 801 942 1560 433 616 1561 432 454 1562 802 943 1563 803 944 1564 693 845 1565 804 945 1566 805 946 1567 664 947 1568 807 948 1569 590 861 1570 589 620 1571 808 949 1572 809 950 1573 603 951 1574 811 952 1575 645 880 1576 644 666 1577 813 953 1578 677 895 1579 676 701 1580 814 954 1581 815 955 1582 718 956 1583 557 957 1584 430 958 1585 558 959 1586 558 960 1587 429 961 1588 559 962 1589 429 963 1590 560 964 1591 559 965 1592 394 966 1593 345 967 1594 564 968 1595 345 969 1596 565 970 1597 564 971 1598 344 972 1599 566 973 1600 565 974 1601 489 975 1602 572 976 1603 571 977 1604 572 978 1605 487 979 1606 573 980 1607 487 981 1608 46 982 1609 573 983 1610 577 984 1611 622 985 1612 628 986 1613 628 987 1614 621 988 1615 629 989 1616 621 990 1617 630 991 1618 629 992 1619 638 993 1620 525 994 1621 524 995 1622 637 996 1623 526 997 1624 525 998 1625 526 999 1626 610 1000 1627 527 1001 1628 604 1002 1629 647 1003 1630 605 1004 1631 605 1005 1632 646 1006 1633 606 1007 1634 646 1008 1635 532 1009 1636 606 1010 1637 665 1011 1638 592 1012 1639 666 1013 1640 666 1014 1641 591 1015 1642 667 1016 1643 591 1017 1644 538 1018 1645 667 1019 1646 479 1020 1647 643 1021 1648 480 1022 1649 643 1023 1650 481 1024 1651 480 1025 1652 642 1026 1653 482 1027 1654 481 1028 1655 529 1029 1656 302 1030 1657 684 1031 1658 302 1032 1659 685 1033 1660 684 1034 1661 685 1035 1662 300 1036 1663 625 1037 1664 499 1038 1665 691 1039 1666 500 1040 1667 691 1041 1668 501 1042 1669 500 1043 1670 690 1044 1671 502 1045 1672 501 1046 1673 435 1047 1674 695 1048 1675 436 1049 1676 695 1050 1677 437 1051 1678 436 1052 1679 694 1053 1680 438 1054 1681 437 1055 1682 633 1056 1683 679 1057 1684 816 1058 1685 816 1059 1686 678 1060 1687 817 1007 1688 678 1061 1689 518 1062 1690 817 1063 1691 511 1064 1692 616 1065 1693 512 1066 1694 512 1067 1695 615 1068 1696 513 1069 1697 615 1070 1698 514 1071 1699 513 1072 1700 671 1073 1701 336 1074 1702 672 1075 1703 336 1076 1704 673 1077 1705 672 1078 1706 673 1079 1707 334 1080 1708 551 1081 1709 547 1082 1710 652 1083 1711 580 1084 1712 580 1085 1713 651 1086 1714 581 989 1715 651 1087 1716 493 1088 1717 581 1089 1718 585 1090 1719 657 1091 1720 586 1092 1721 657 1093 1722 587 1094 1723 586 1095 1724 656 1096 1725 554 1097 1726 587 1098 1727 660 1099 1728 755 1100 1729 752 1101 1730 755 1102 1731 753 1103 1732 752 1104 1733 754 1105 1734 295 1106 1735 753 1107 1736 661 1108 1737 756 1109 1738 697 1110 1739 756 1111 1740 758 1112 1741 757 1113 1742 757 1114 1743 506 1115 1744 505 1116 1745 706 1117 1746 763 1118 1747 760 1119 1748 763 1120 1749 761 1121 1750 760 1122 1751 761 1123 1752 738 1124 1753 699 1125 1754 707 1126 1755 764 1127 1756 704 1110 1757 764 1128 1758 766 1129 1759 765 1130 1760 766 1131 1761 702 1132 1762 765 1133 1763 711 1134 1764 769 1135 1765 770 1136 1766 769 1137 1767 771 1138 1768 770 1139 1769 771 1140 1770 662 1141 1771 742 1142 1772 715 1143 1773 773 1144 1774 774 1145 1775 774 1146 1776 772 1147 1777 775 1148 1778 775 1149 1779 623 1150 1780 668 1151 1781 710 1152 1782 778 1153 1783 709 1154 1784 778 1155 1785 776 1156 1786 779 1157 1787 776 1158 1788 720 1159 1789 779 1160 1790 721 1161 1791 782 1162 1792 723 1163 1793 781 1164 1794 783 1165 1795 782 1166 1796 783 1167 1797 681 1168 1798 680 1116 1799 722 1169 1800 787 1170 1801 784 1171 1802 784 1172 1803 786 1173 1804 785 1174 1805 786 1175 1806 391 1176 1807 785 1177 1808 727 1178 1809 789 1179 1810 790 1180 1811 790 1181 1812 788 1182 1813 791 1183 1814 788 1184 1815 729 1185 1816 791 1186 1817 728 1187 1818 794 1188 1819 726 1189 1820 793 1190 1821 795 1191 1822 794 1192 1823 792 1193 1824 730 1194 1825 795 1195 1826 735 1196 1827 799 1197 1828 796 1198 1829 796 1199 1830 798 1200 1831 797 1201 1832 797 1202 1833 745 1203 1834 732 1204 1835 734 1205 1836 803 1206 1837 800 1207 1838 800 1208 1839 802 1209 1840 801 1148 1841 802 1210 1842 588 1211 1843 801 1212 1844 736 1213 1845 806 1214 1846 658 1215 1847 805 1216 1848 807 1217 1849 806 1218 1850 804 1219 1851 744 1220 1852 807 1221 1853 733 1222 1854 810 1223 1855 739 1224 1856 809 1225 1857 811 1226 1858 810 1227 1859 811 1228 1860 741 1229 1861 750 1230 1862 714 1231 1863 812 1232 1864 713 1233 1865 815 1234 1866 813 1235 1867 812 1236 1868 814 1237 1869 748 1238 1870 813 1239 1871 817 1240 1872 518 1241 1873 751 887 1874 408 565 1875 701 1242 1876 700 1243 1877 372 562 1878 719 1244 1879 716 1245 1880 319 559 1881 747 1246 1882 746 1247 1883 272 553 1884 504 1248 1885 503 1249 1886 443 461 1887 68 1250 1888 49 81 1889 413 441 1890 416 547 1891 415 1251 1892 377 413 1893 380 544 1894 379 1251 1895 446 464 1896 307 536 1897 306 1252 1898 279 353 1899 282 533 1900 281 1253 1901 474 1254 1902 463 548 1903 473 550 1904 451 537 1905 321 530 1906 507 538 1907 321 530 1908 466 526 1909 507 538 1910 467 492 1911 452 509 1912 453 1255 1913 474 504 1914 444 459 1915 443 461 1916 316 502 1917 470 501 1918 469 494 1919 469 494 1920 458 496 1921 457 1256 1922 466 526 1923 464 490 1924 467 492 1925 460 486 1926 463 487 1927 461 1257 1928 455 480 1929 459 1258 1930 458 481 1931 288 358 1932 454 477 1933 453 475 1934 449 469 1935 447 471 1936 451 537 1937 268 348 1938 447 466 1939 267 346 1940 442 458 1941 352 1259 1942 444 459 1943 275 446 1944 420 445 1945 441 456 1946 411 438 1947 420 445 1948 419 444 1949 390 420 1950 700 1243 1951 440 1260 1952 402 433 1953 404 434 1954 401 431 1955 397 428 1956 401 431 1957 399 429 1958 369 408 1959 399 429 1960 368 406 1961 386 418 1962 385 417 1963 396 427 1964 375 410 1965 385 417 1966 384 416 1967 329 379 1968 716 1245 1969 395 1261 1970 366 405 1971 368 406 1972 365 403 1973 363 402 1974 365 403 1975 362 400 1976 360 399 1977 362 400 1978 359 397 1979 357 396 1980 359 397 1981 356 394 1982 350 388 1983 356 394 1984 353 1262 1985 349 389 1986 353 1262 1987 352 390 1988 325 377 1989 324 376 1990 348 387 1991 313 372 1992 324 376 1993 323 375 1994 316 1263 1995 746 1247 1996 347 1264 1997 288 358 1998 287 357 1999 305 368 2000 277 350 2001 287 357 2002 286 356 2003 269 448 2004 503 1249 2005 304 1265 2006 264 345 2007 267 346 2008 263 343 2009 265 566 2010 263 343 2011 262 556 2012 405 436 2013 262 556 2014 404 434 2015 1 0 2016 2 1266 2017 3 1 2018 5 3 2019 6 502 2020 7 4 2021 9 6 2022 10 46 2023 11 7 2024 13 9 2025 9 6 2026 8 8 2027 14 11 2028 15 61 2029 16 12 2030 19 14 2031 20 1267 2032 21 15 2033 23 17 2034 24 1268 2035 25 18 2036 23 20 2037 27 1269 2038 28 21 2039 12 10 2040 29 473 2041 30 23 2042 32 24 2043 33 1270 2044 34 25 2045 36 27 2046 37 1271 2047 38 28 2048 40 30 2049 41 39 2050 42 31 2051 31 26 2052 40 30 2053 39 32 2054 26 33 2055 43 1272 2056 24 34 2057 45 36 2058 46 698 2059 47 37 2060 41 39 2061 36 27 2062 35 29 2063 49 40 2064 50 1273 2065 51 41 2066 52 43 2067 53 1274 2068 50 44 2069 10 46 2070 1 0 2071 0 2 2072 17 47 2073 16 58 2074 54 48 2075 53 50 2076 17 47 2077 51 49 2078 21 52 2079 20 1275 2080 55 53 2081 55 53 2082 25 56 2083 57 55 2084 25 56 2085 24 1276 2086 43 57 2087 16 58 2088 58 1277 2089 59 59 2090 5 60 2091 58 1278 2092 16 12 2093 4 62 2094 59 63 2095 58 62 2096 19 19 2097 60 19 2098 55 19 2099 62 64 2100 56 70 2101 57 65 2102 4 66 2103 63 1279 2104 54 67 2105 18 69 2106 21 1280 2107 56 70 2108 26 71 2109 61 42 2110 57 65 2111 52 73 2112 14 11 2113 17 13 2114 64 75 2115 65 301 2116 1 76 2117 66 78 2118 67 93 2119 35 79 2120 49 81 2121 68 1250 2122 69 82 2123 70 84 2124 71 323 2125 3 85 2126 72 87 2127 73 297 2128 39 88 2129 74 90 2130 75 311 2131 9 91 2132 67 93 2133 72 87 2134 42 89 2135 9 91 2136 75 311 2137 64 75 2138 76 94 2139 66 307 2140 38 95 2141 1 76 2142 65 301 2143 70 97 2144 39 88 2145 73 297 2146 77 98 2147 78 100 2148 79 336 2149 34 101 2150 80 103 2151 81 331 2152 30 104 2153 18 106 2154 82 1281 2155 83 107 2156 74 90 2157 13 92 2158 30 109 2159 32 99 2160 77 98 2161 78 111 2162 84 112 2163 85 116 2164 86 113 2165 88 115 2166 89 118 2167 86 113 2168 88 115 2169 90 183 2170 91 117 2171 93 119 2172 94 123 2173 95 120 2174 96 122 2175 97 42 2176 94 123 2177 96 122 2178 98 153 2179 99 124 2180 101 125 2181 102 129 2182 103 126 2183 104 128 2184 105 131 2185 102 129 2186 106 130 2187 107 195 2188 105 131 2189 109 132 2190 110 136 2191 111 133 2192 112 135 2193 113 138 2194 110 136 2195 114 137 2196 115 200 2197 113 138 2198 116 139 2199 117 143 2200 118 140 2201 120 142 2202 121 145 2203 118 140 2204 120 142 2205 122 205 2206 123 144 2207 125 146 2208 126 150 2209 127 147 2210 128 149 2211 129 152 2212 126 150 2213 128 149 2214 130 211 2215 131 151 2216 98 153 2217 96 122 2218 117 143 2219 93 119 2220 120 142 2221 117 143 2222 92 121 2223 122 205 2224 120 142 2225 127 147 2226 126 150 2227 85 116 2228 129 152 2229 88 115 2230 85 116 2231 131 151 2232 90 183 2233 88 115 2234 103 154 2235 102 158 2236 132 155 2237 105 157 2238 134 160 2239 132 155 2240 107 159 2241 135 219 2242 134 160 2243 111 161 2244 110 162 2245 125 146 2246 110 162 2247 113 164 2248 128 149 2249 115 163 2250 130 211 2251 128 149 2252 118 140 2253 101 125 2254 100 127 2255 121 145 2256 104 128 2257 101 125 2258 121 145 2259 123 144 2260 106 130 2261 87 114 2262 86 113 2263 136 165 2264 86 113 2265 89 118 2266 138 167 2267 91 117 2268 139 227 2269 138 167 2270 141 168 2271 97 172 2272 99 169 2273 142 171 2274 94 174 2275 97 172 2276 143 173 2277 95 232 2278 94 174 2279 136 175 2280 144 179 2281 145 176 2282 138 178 2283 146 181 2284 144 179 2285 139 180 2286 147 238 2287 146 181 2288 148 182 2289 149 185 2290 91 117 2291 148 182 2292 150 187 2293 151 184 2294 152 186 2295 153 229 2296 151 184 2297 154 188 2298 155 192 2299 156 189 2300 158 191 2301 159 193 2302 156 189 2303 92 121 2304 95 120 2305 159 193 2306 160 194 2307 161 197 2308 107 195 2309 160 194 2310 162 198 2311 163 196 2312 162 198 2313 164 266 2314 165 199 2315 166 132 2316 167 202 2317 115 200 2318 168 201 2319 169 204 2320 167 202 2321 170 203 2322 171 289 2323 169 204 2324 122 205 2325 172 208 2326 173 206 2327 174 207 2328 175 210 2329 173 206 2330 174 207 2331 176 217 2332 177 209 2333 130 211 2334 178 214 2335 179 212 2336 180 213 2337 181 216 2338 179 212 2339 180 213 2340 182 271 2341 183 215 2342 158 191 2343 172 208 2344 122 205 2345 155 192 2346 174 207 2347 172 208 2348 155 192 2349 154 188 2350 176 217 2351 179 212 2352 148 182 2353 90 183 2354 179 212 2355 181 216 2356 150 187 2357 183 215 2358 152 186 2359 150 187 2360 161 218 2361 184 221 2362 135 219 2363 163 220 2364 185 223 2365 184 221 2366 165 222 2367 186 277 2368 185 223 2369 167 224 2370 178 214 2371 130 211 2372 169 225 2373 180 213 2374 178 214 2375 171 226 2376 182 271 2377 180 213 2378 123 144 2379 173 206 2380 160 194 2381 175 210 2382 162 198 2383 160 194 2384 177 209 2385 164 266 2386 162 198 2387 149 185 2388 187 228 2389 139 227 2390 151 184 2391 188 230 2392 187 228 2393 153 229 2394 189 261 2395 188 230 2396 190 231 2397 159 234 2398 95 232 2399 191 233 2400 156 236 2401 159 234 2402 192 235 2403 157 255 2404 156 236 2405 187 237 2406 193 240 2407 147 238 2408 188 239 2409 194 242 2410 193 240 2411 189 241 2412 195 249 2413 194 242 2414 196 243 2415 197 246 2416 82 244 2417 198 245 2418 199 247 2419 197 246 2420 198 245 2421 154 188 2422 157 190 2423 200 248 2424 201 251 2425 195 249 2426 202 250 2427 203 393 2428 201 251 2429 68 252 2430 203 393 2431 202 250 2432 204 254 2433 199 257 2434 157 255 2435 205 256 2436 197 1282 2437 199 257 2438 82 258 2439 197 1282 2440 205 256 2441 153 229 2442 206 262 2443 200 260 2444 206 262 2445 207 264 2446 202 263 2447 52 73 2448 69 19 2449 202 263 2450 208 265 2451 209 268 2452 164 266 2453 208 265 2454 210 269 2455 211 267 2456 26 71 2457 211 267 2458 210 269 2459 171 226 2460 212 273 2461 213 270 2462 214 272 2463 215 275 2464 213 270 2465 6 274 2466 5 60 2467 215 275 2468 216 276 2469 217 279 2470 186 277 2471 218 278 2472 219 380 2473 217 279 2474 27 280 2475 219 380 2476 218 278 2477 220 282 2478 221 284 2479 152 186 2480 220 282 2481 222 285 2482 223 283 2483 15 61 2484 14 11 2485 223 283 2486 198 245 2487 224 287 2488 176 217 2489 198 245 2490 196 243 2491 225 286 2492 18 69 2493 62 64 2494 225 286 2495 213 270 2496 220 282 2497 183 215 2498 215 275 2499 222 285 2500 220 282 2501 15 61 2502 222 285 2503 215 275 2504 176 217 2505 224 287 2506 208 265 2507 224 287 2508 225 286 2509 210 269 2510 62 64 2511 61 42 2512 210 269 2513 226 288 2514 212 291 2515 171 289 2516 227 290 2517 214 1283 2518 212 291 2519 6 292 2520 214 1283 2521 227 290 2522 209 268 2523 216 294 2524 165 199 2525 211 267 2526 218 295 2527 216 294 2528 26 71 2529 28 1284 2530 218 295 2531 152 186 2532 221 284 2533 206 262 2534 221 284 2535 223 283 2536 207 264 2537 14 11 2538 52 73 2539 207 264 2540 228 296 2541 229 299 2542 77 98 2543 228 296 2544 230 300 2545 231 298 2546 230 300 2547 84 112 2548 87 114 2549 65 301 2550 232 303 2551 233 302 2552 232 303 2553 234 305 2554 235 304 2555 234 305 2556 100 127 2557 103 126 2558 236 306 2559 237 309 2560 66 307 2561 238 308 2562 239 310 2563 237 309 2564 108 134 2565 111 133 2566 239 310 2567 75 311 2568 240 314 2569 241 312 2570 242 313 2571 243 315 2572 241 312 2573 242 313 2574 116 139 2575 119 141 2576 67 93 2577 244 318 2578 245 316 2579 246 317 2580 247 319 2581 245 316 2582 124 148 2583 127 147 2584 247 319 2585 74 90 2586 248 321 2587 240 314 2588 249 320 2589 242 313 2590 240 314 2591 98 153 2592 116 139 2593 242 313 2594 245 316 2595 228 296 2596 73 297 2597 245 316 2598 247 319 2599 230 300 2600 127 147 2601 84 112 2602 230 300 2603 233 322 2604 250 325 2605 71 323 2606 235 324 2607 251 326 2608 250 325 2609 103 154 2610 133 156 2611 251 326 2612 66 78 2613 237 327 2614 244 318 2615 237 327 2616 239 328 2617 246 317 2618 239 328 2619 111 161 2620 124 148 2621 241 312 2622 232 303 2623 65 301 2624 243 315 2625 234 305 2626 232 303 2627 119 141 2628 100 127 2629 234 305 2630 229 299 2631 252 19 2632 78 111 2633 229 299 2634 231 298 2635 253 329 2636 231 298 2637 87 114 2638 137 166 2639 254 330 2640 255 333 2641 81 331 2642 256 332 2643 257 334 2644 255 333 2645 140 170 2646 99 169 2647 257 334 2648 252 335 2649 258 338 2650 79 336 2651 253 337 2652 259 339 2653 258 338 2654 137 177 2655 145 176 2656 259 339 2657 98 153 2658 249 320 2659 257 340 2660 248 321 2661 255 341 2662 257 340 2663 248 321 2664 74 90 2665 81 110 2666 261 342 2667 262 556 2668 263 343 2669 264 345 2670 265 566 2671 256 332 2672 260 344 2673 266 347 2674 79 336 2675 260 344 2676 263 343 2677 267 346 2678 268 348 2679 264 345 2680 254 330 2681 272 553 2682 269 448 2683 271 551 2684 269 448 2685 108 134 2686 270 349 2687 271 551 2688 269 448 2689 270 349 2690 278 351 2691 273 531 2692 274 352 2693 274 352 2694 275 446 2695 277 350 2696 275 446 2697 276 367 2698 277 350 2699 251 326 2700 133 156 2701 280 354 2702 133 156 2703 274 352 2704 280 354 2705 274 352 2706 273 531 2707 279 353 2708 284 355 2709 281 1253 2710 283 474 2711 281 1253 2712 282 533 2713 283 474 2714 284 355 2715 283 474 2716 71 323 2717 288 358 2718 283 474 2719 286 356 2720 283 474 2721 282 533 2722 285 532 2723 285 532 2724 286 356 2725 283 474 2726 292 360 2727 289 552 2728 290 1285 2729 291 359 2730 236 306 2731 76 94 2732 292 360 2733 290 1285 2734 291 359 2735 251 326 2736 280 354 2737 284 355 2738 295 363 2739 271 1286 2740 270 1287 2741 270 1287 2742 293 361 2743 295 363 2744 303 365 2745 296 794 2746 297 366 2747 297 366 2748 298 930 2749 301 1288 2750 298 930 2751 299 1289 2752 300 1290 2753 301 1288 2754 298 930 2755 300 1290 2756 301 1288 2757 302 364 2758 297 366 2759 276 367 2760 304 1265 2761 305 368 2762 270 349 2763 238 308 2764 236 306 2765 309 369 2766 306 1252 2767 308 412 2768 306 1252 2769 307 536 2770 308 412 2771 309 369 2772 308 412 2773 186 277 2774 315 534 2775 310 463 2776 314 1291 2777 310 463 2778 311 370 2779 313 372 2780 314 1291 2781 310 463 2782 313 372 2783 319 559 2784 316 1263 2785 318 557 2786 316 1263 2787 7 293 2788 317 373 2789 318 557 2790 316 1263 2791 317 373 2792 320 374 2793 321 530 2794 8 8 2795 325 377 2796 308 412 2797 323 375 2798 308 412 2799 307 536 2800 322 535 2801 322 535 2802 323 375 2803 308 412 2804 329 379 2805 326 558 2806 327 1292 2807 328 378 2808 226 288 2809 170 203 2810 329 379 2811 327 1292 2812 328 378 2813 219 380 2814 330 465 2815 309 369 2816 338 749 2817 331 383 2818 337 382 2819 331 383 2820 332 776 2821 336 381 2822 332 776 2823 333 775 2824 334 1293 2825 334 1293 2826 335 1294 2827 332 776 2828 335 1294 2829 336 381 2830 332 776 2831 346 385 2832 339 650 2833 340 386 2834 340 386 2835 341 917 2836 344 1295 2837 341 917 2838 342 1296 2839 343 1297 2840 344 1295 2841 341 917 2842 343 1297 2843 344 1295 2844 345 384 2845 340 386 2846 312 371 2847 347 1264 2848 348 387 2849 227 290 2850 226 288 2851 328 378 2852 83 259 2853 205 256 2854 350 388 2855 352 390 2856 353 1262 2857 354 391 2858 351 392 2859 354 391 2860 203 393 2861 354 391 2862 355 395 2863 201 251 2864 354 391 2865 353 1262 2866 356 394 2867 205 256 2868 204 254 2869 357 396 2870 355 395 2871 358 398 2872 195 249 2873 355 395 2874 356 394 2875 359 397 2876 204 254 2877 192 235 2878 360 399 2879 358 398 2880 361 401 2881 194 242 2882 358 398 2883 359 397 2884 362 400 2885 192 235 2886 191 233 2887 363 402 2888 361 401 2889 364 404 2890 193 240 2891 361 401 2892 362 400 2893 365 403 2894 191 233 2895 190 231 2896 366 405 2897 364 404 2898 367 407 2899 147 238 2900 364 404 2901 365 403 2902 368 406 2903 190 231 2904 143 173 2905 369 408 2906 372 562 2907 329 379 2908 371 560 2909 329 379 2910 170 203 2911 370 409 2912 371 560 2913 329 379 2914 370 409 2915 376 411 2916 373 542 2917 308 412 2918 308 412 2919 325 377 2920 375 410 2921 325 377 2922 374 426 2923 375 410 2924 185 223 2925 186 277 2926 378 414 2927 186 277 2928 308 412 2929 378 414 2930 308 412 2931 373 542 2932 377 413 2933 382 415 2934 379 1251 2935 381 440 2936 379 1251 2937 380 544 2938 381 440 2939 382 415 2940 381 440 2941 135 219 2942 386 418 2943 381 440 2944 384 416 2945 381 440 2946 380 544 2947 383 543 2948 383 543 2949 384 416 2950 381 440 2951 390 420 2952 387 561 2953 388 1298 2954 389 419 2955 166 132 2956 114 137 2957 390 420 2958 388 1298 2959 389 419 2960 185 223 2961 378 414 2962 382 415 2963 285 421 2964 278 1299 2965 391 422 2966 393 424 2967 339 1300 2968 346 425 2969 374 426 2970 395 1261 2971 396 427 2972 168 201 2973 166 132 2974 389 419 2975 143 173 2976 142 171 2977 397 428 2978 367 407 2979 368 406 2980 399 429 2981 367 407 2982 398 430 2983 146 181 2984 398 430 2985 400 432 2986 144 179 2987 398 430 2988 399 429 2989 401 431 2990 142 171 2991 141 168 2992 402 433 2993 400 432 2994 403 435 2995 145 176 2996 400 432 2997 401 431 2998 404 434 2999 141 168 3000 140 170 3001 405 436 3002 408 565 3003 390 420 3004 407 563 3005 390 420 3006 114 137 3007 406 437 3008 407 563 3009 390 420 3010 406 437 3011 412 439 3012 409 545 3013 381 440 3014 381 440 3015 386 418 3016 411 438 3017 386 418 3018 410 455 3019 411 438 3020 134 160 3021 135 219 3022 414 442 3023 135 219 3024 381 440 3025 414 442 3026 381 440 3027 409 545 3028 413 441 3029 417 443 3030 415 1251 3031 274 352 3032 415 1251 3033 416 547 3034 274 352 3035 417 443 3036 274 352 3037 133 156 3038 275 446 3039 274 352 3040 419 444 3041 274 352 3042 416 547 3043 418 546 3044 418 546 3045 419 444 3046 274 352 3047 269 448 3048 421 564 3049 422 1301 3050 423 447 3051 109 132 3052 108 134 3053 269 448 3054 422 1301 3055 423 447 3056 134 160 3057 414 442 3058 417 443 3059 431 450 3060 424 719 3061 425 451 3062 425 451 3063 426 724 3064 429 1302 3065 426 724 3066 427 723 3067 428 1303 3068 429 1302 3069 426 724 3070 428 1303 3071 429 1302 3072 430 449 3073 425 451 3074 439 824 3075 432 454 3076 438 453 3077 432 454 3078 433 616 3079 437 452 3080 433 616 3081 434 615 3082 435 1304 3083 435 1304 3084 436 1305 3085 433 616 3086 436 1305 3087 437 452 3088 433 616 3089 410 455 3090 440 1260 3091 441 456 3092 112 135 3093 109 132 3094 423 447 3095 19 108 3096 83 107 3097 349 457 3098 444 459 3099 352 1259 3100 351 460 3101 79 336 3102 266 347 3103 445 462 3104 219 380 3105 27 280 3106 330 465 3107 27 280 3108 310 463 3109 330 465 3110 310 463 3111 315 534 3112 446 464 3113 266 347 3114 267 346 3115 447 466 3116 80 103 3117 29 105 3118 448 467 3119 31 26 3120 34 25 3121 445 468 3122 450 470 3123 451 537 3124 447 471 3125 450 470 3126 448 472 3127 29 473 3128 283 474 3129 452 476 3130 3 85 3131 283 474 3132 288 358 3133 453 475 3134 76 94 3135 37 96 3136 454 477 3137 22 478 3138 25 1306 3139 456 479 3140 458 481 3141 459 1258 3142 460 482 3143 457 483 3144 460 482 3145 54 484 3146 460 486 3147 461 1257 3148 51 49 3149 463 487 3150 459 1307 3151 456 488 3152 462 489 3153 456 488 3154 25 56 3155 464 490 3156 320 374 3157 11 7 3158 465 491 3159 466 526 3160 467 492 3161 468 493 3162 36 27 3163 41 39 3164 469 494 3165 457 1256 3166 63 495 3167 458 496 3168 470 501 3169 471 497 3170 471 497 3171 23 20 3172 22 499 3173 310 500 3174 27 1269 3175 23 20 3176 470 501 3177 311 1308 3178 310 500 3179 469 494 3180 4 5 3181 7 4 3182 472 503 3183 60 1309 3184 19 108 3185 261 342 3186 260 344 3187 258 338 3188 444 459 3189 473 1310 3190 472 503 3191 474 504 3192 443 461 3193 49 81 3194 482 507 3195 475 876 3196 476 508 3197 476 508 3198 477 937 3199 480 1311 3200 477 937 3201 478 1312 3202 479 1313 3203 480 1311 3204 477 937 3205 479 1313 3206 480 1311 3207 481 506 3208 476 508 3209 452 509 3210 464 490 3211 0 2 3212 483 510 3213 45 36 3214 44 38 3215 489 513 3216 484 681 3217 485 514 3218 485 514 3219 486 913 3220 487 1314 3221 486 913 3222 44 750 3223 47 1315 3224 487 1314 3225 486 913 3226 47 1315 3227 487 1314 3228 488 512 3229 485 514 3230 467 492 3231 453 1255 3232 454 515 3233 454 515 3234 37 1271 3235 36 27 3236 465 491 3237 41 39 3238 40 30 3239 492 517 3240 493 1316 3241 494 518 3242 502 521 3243 495 728 3244 496 522 3245 496 522 3246 497 679 3247 500 1317 3248 497 679 3249 498 678 3250 499 1318 3251 500 1317 3252 497 679 3253 499 1318 3254 500 1317 3255 501 520 3256 496 522 3257 504 523 3258 505 1319 3259 506 524 3260 490 516 3261 507 538 3262 466 526 3263 515 829 3264 508 529 3265 514 528 3266 508 529 3267 509 821 3268 513 527 3269 509 821 3270 510 820 3271 511 1320 3272 511 1320 3273 512 1321 3274 509 821 3275 512 1321 3276 513 527 3277 509 821 3278 321 530 3279 450 470 3280 12 10 3281 449 469 3282 490 516 3283 40 30 3284 273 531 3285 278 351 3286 285 532 3287 315 534 3288 314 1291 3289 322 535 3290 490 516 3291 449 469 3292 451 537 3293 403 435 3294 261 342 3295 259 339 3296 461 539 3297 474 1254 3298 48 540 3299 373 542 3300 376 411 3301 383 543 3302 409 545 3303 412 439 3304 418 546 3305 463 548 3306 462 1322 3307 472 549 3308 271 551 3309 290 1285 3310 289 552 3311 472 549 3312 462 1322 3313 55 554 3314 403 435 3315 404 434 3316 262 556 3317 318 557 3318 327 1292 3319 326 558 3320 371 560 3321 388 1298 3322 387 561 3323 407 563 3324 422 1301 3325 421 564 3326 140 170 3327 256 332 3328 265 566 3329 516 567 3330 517 893 3331 518 568 3332 527 570 3333 520 890 3334 521 571 3335 521 571 3336 522 925 3337 525 1323 3338 522 925 3339 523 1324 3340 524 1325 3341 525 1323 3342 522 925 3343 524 1325 3344 525 1323 3345 526 569 3346 521 571 3347 296 572 3348 303 19 3349 529 573 3350 530 575 3351 531 868 3352 532 576 3353 534 577 3354 535 19 3355 435 578 3356 537 580 3357 538 42 3358 539 581 3359 510 583 3360 540 1326 3361 541 584 3362 542 585 3363 475 816 3364 482 586 3365 545 587 3366 546 19 3367 547 588 3368 548 590 3369 495 1327 3370 502 591 3371 550 592 3372 551 42 3373 334 593 3374 553 595 3375 554 42 3376 555 596 3377 561 1328 3378 556 600 3379 560 599 3380 556 600 3381 294 362 3382 559 598 3383 294 362 3384 293 361 3385 557 1329 3386 557 1329 3387 558 1330 3388 294 362 3389 558 1330 3390 559 598 3391 294 362 3392 567 772 3393 562 603 3394 566 602 3395 562 603 3396 563 687 3397 565 601 3398 563 687 3399 393 686 3400 394 1331 3401 394 1331 3402 564 1332 3403 563 687 3404 564 1332 3405 565 601 3406 563 687 3407 45 759 3408 568 606 3409 46 605 3410 568 606 3411 569 853 3412 573 604 3413 569 853 3414 570 852 3415 571 1333 3416 571 1333 3417 572 1334 3418 569 853 3419 572 1334 3420 573 604 3421 569 853 3422 574 607 3423 575 1335 3424 576 608 3425 492 808 3426 578 611 3427 493 610 3428 578 611 3429 579 810 3430 581 609 3431 579 810 3432 544 809 3433 547 1336 3434 547 1336 3435 580 1337 3436 579 810 3437 580 1337 3438 581 609 3439 579 810 3440 554 613 3441 553 747 3442 582 614 3443 582 614 3444 583 910 3445 586 1338 3446 583 910 3447 584 1339 3448 585 1340 3449 586 1338 3450 583 910 3451 585 1340 3452 586 1338 3453 587 612 3454 582 614 3455 588 617 3456 314 1341 3457 313 1342 3458 313 1342 3459 434 615 3460 588 617 3461 594 1343 3462 589 620 3463 593 619 3464 589 620 3465 590 861 3466 592 618 3467 590 861 3468 536 860 3469 539 1344 3470 539 1344 3471 591 1345 3472 590 861 3473 591 1345 3474 592 618 3475 590 861 3476 596 621 3477 567 671 3478 342 622 3479 598 624 3480 599 1346 3481 439 625 3482 479 627 3483 478 1347 3484 601 628 3485 532 631 3486 531 847 3487 602 632 3488 602 632 3489 603 951 3490 605 1348 3491 603 951 3492 599 1349 3493 604 1350 3494 605 1348 3495 603 951 3496 604 1350 3497 605 1348 3498 606 630 3499 602 632 3500 585 633 3501 584 838 3502 608 634 3503 609 636 3504 520 786 3505 527 637 3506 541 639 3507 540 873 3508 611 640 3509 611 640 3510 612 676 3511 615 1351 3512 612 676 3513 613 675 3514 614 1352 3515 615 1351 3516 612 676 3517 614 1352 3518 615 1351 3519 616 638 3520 611 640 3521 424 641 3522 431 19 3523 557 642 3524 570 644 3525 484 763 3526 489 645 3527 576 648 3528 575 834 3529 617 649 3530 617 649 3531 618 850 3532 621 1353 3533 618 850 3534 619 849 3535 620 1354 3536 621 1353 3537 618 850 3538 620 1354 3539 621 1353 3540 622 647 3541 617 649 3542 339 650 3543 328 1355 3544 623 651 3545 328 1355 3546 327 1356 3547 623 651 3548 624 652 3549 625 1357 3550 300 653 3551 631 743 3552 626 656 3553 630 655 3554 626 656 3555 627 731 3556 629 654 3557 627 731 3558 574 730 3559 577 1358 3560 577 1358 3561 628 1359 3562 627 731 3563 628 1359 3564 629 654 3565 627 731 3566 561 36 3567 560 698 3568 428 37 3569 633 657 3570 596 621 3571 595 623 3572 639 791 3573 634 660 3574 638 659 3575 634 660 3576 635 788 3577 637 658 3578 635 788 3579 609 787 3580 610 1360 3581 610 1360 3582 636 1361 3583 635 788 3584 636 1361 3585 637 658 3586 635 788 3587 601 796 3588 640 663 3589 600 662 3590 640 663 3591 641 813 3592 643 661 3593 641 813 3594 542 812 3595 543 1362 3596 543 1362 3597 642 1363 3598 641 813 3599 642 1363 3600 643 661 3601 641 813 3602 601 628 3603 478 1347 3604 492 517 3605 598 1364 3606 644 666 3607 648 665 3608 644 666 3609 645 880 3610 647 664 3611 645 880 3612 530 879 3613 533 1365 3614 533 1365 3615 646 1366 3616 645 880 3617 646 1366 3618 647 664 3619 645 880 3620 546 668 3621 545 710 3622 649 669 3623 649 669 3624 650 933 3625 651 1367 3626 650 933 3627 491 797 3628 494 1368 3629 651 1367 3630 650 933 3631 494 1368 3632 651 1367 3633 652 667 3634 649 669 3635 594 670 3636 653 1369 3637 515 652 3638 567 671 3639 566 1357 3640 343 653 3641 608 1370 3642 654 674 3643 607 673 3644 654 674 3645 655 753 3646 657 672 3647 655 753 3648 552 752 3649 555 1371 3650 555 1371 3651 656 1372 3652 655 753 3653 656 1372 3654 657 672 3655 655 753 3656 659 677 3657 658 1373 3658 594 1343 3659 658 1373 3660 589 620 3661 594 1343 3662 594 1343 3663 613 675 3664 659 677 3665 661 680 3666 660 1374 3667 561 1328 3668 660 1374 3669 556 600 3670 561 1328 3671 561 1328 3672 498 678 3673 661 680 3674 484 681 3675 389 1375 3676 662 682 3677 389 1375 3678 388 1376 3679 662 682 3680 538 684 3681 537 832 3682 663 685 3683 663 685 3684 664 947 3685 666 1377 3686 664 947 3687 653 830 3688 665 1378 3689 666 1377 3690 664 947 3691 665 1378 3692 666 1377 3693 667 683 3694 663 685 3695 668 688 3696 318 1379 3697 317 1380 3698 317 1380 3699 393 686 3700 668 688 3701 631 689 3702 630 1381 3703 620 690 3704 551 693 3705 550 769 3706 669 694 3707 669 694 3708 670 921 3709 672 1382 3710 670 921 3711 483 1383 3712 671 1384 3713 672 1382 3714 670 921 3715 671 1384 3716 672 1382 3717 673 692 3718 669 694 3719 665 629 3720 653 1369 3721 594 670 3722 499 633 3723 498 510 3724 675 634 3725 318 695 3726 668 42 3727 623 696 3728 604 37 3729 599 1346 3730 598 624 3731 515 652 3732 514 1357 3733 614 653 3734 524 629 3735 523 1369 3736 639 670 3737 595 761 3738 676 701 3739 632 700 3740 676 701 3741 677 895 3742 679 699 3743 677 895 3744 516 894 3745 519 1385 3746 519 1385 3747 678 1386 3748 677 895 3749 678 1386 3750 679 699 3751 677 895 3752 281 702 3753 680 19 3754 681 703 3755 624 780 3756 682 707 3757 625 706 3758 682 707 3759 683 800 3760 685 705 3761 683 800 3762 528 799 3763 529 1387 3764 529 1387 3765 684 1388 3766 683 800 3767 684 1388 3768 685 705 3769 683 800 3770 671 708 3771 483 510 3772 338 511 3773 545 710 3774 419 1389 3775 686 711 3776 419 1389 3777 418 1390 3778 686 711 3779 439 625 3780 438 635 3781 687 712 3782 675 1391 3783 688 715 3784 674 714 3785 688 715 3786 689 734 3787 691 713 3788 689 734 3789 548 733 3790 549 1392 3791 549 1392 3792 690 1393 3793 689 734 3794 690 1393 3795 691 713 3796 689 734 3797 535 717 3798 534 858 3799 692 718 3800 692 718 3801 693 845 3802 694 1394 3803 693 845 3804 597 844 3805 687 1395 3806 694 1394 3807 693 845 3808 687 1395 3809 694 1394 3810 695 716 3811 692 718 3812 424 719 3813 291 1396 3814 696 720 3815 291 1396 3816 290 1397 3817 696 720 3818 290 721 3819 271 1398 3820 295 722 3821 698 725 3822 697 1399 3823 675 1391 3824 697 1399 3825 688 715 3826 675 1391 3827 675 1391 3828 427 723 3829 698 725 3830 304 726 3831 495 1327 3832 548 590 3833 495 728 3834 304 1400 3835 506 729 3836 304 1400 3837 503 1401 3838 506 729 3839 699 732 3840 407 1402 3841 406 1403 3842 406 1403 3843 574 730 3844 699 732 3845 505 735 3846 504 1404 3847 305 1405 3848 305 1405 3849 548 733 3850 505 735 3851 701 736 3852 702 19 3853 703 737 3854 705 739 3855 706 784 3856 707 740 3857 631 743 3858 584 1339 3859 706 742 3860 584 1339 3861 583 910 3862 707 1406 3863 706 742 3864 584 1339 3865 707 1406 3866 423 744 3867 575 1335 3868 574 607 3869 441 746 3870 440 1407 3871 553 595 3872 553 747 3873 440 1408 3874 703 748 3875 440 1408 3876 700 1409 3877 703 748 3878 44 750 3879 486 913 3880 708 751 3881 708 751 3882 709 1410 3883 338 749 3884 709 1410 3885 331 383 3886 338 749 3887 702 754 3888 701 1411 3889 441 1412 3890 441 1412 3891 552 752 3892 702 754 3893 709 755 3894 708 1413 3895 711 756 3896 45 759 3897 483 1383 3898 711 758 3899 483 1383 3900 670 921 3901 710 1414 3902 711 758 3903 483 1383 3904 710 1414 3905 595 761 3906 342 1296 3907 713 760 3908 342 1296 3909 341 917 3910 712 1415 3911 713 760 3912 342 1296 3913 712 1415 3914 370 762 3915 389 1416 3916 484 763 3917 328 764 3918 339 1300 3919 393 424 3920 713 766 3921 712 1413 3922 715 767 3923 550 769 3924 395 1417 3925 717 770 3926 395 1417 3927 716 1341 3928 717 770 3929 567 772 3930 596 1418 3931 715 771 3932 596 1418 3933 718 956 3934 714 1419 3935 715 771 3936 596 1418 3937 714 1419 3938 395 773 3939 550 592 3940 333 594 3941 720 777 3942 719 1420 3943 396 1421 3944 396 1421 3945 333 775 3946 720 777 3947 682 707 3948 624 780 3949 722 779 3950 624 780 3951 523 1324 3952 721 778 3953 523 1324 3954 522 925 3955 721 778 3956 716 781 3957 719 1422 3958 720 782 3959 724 783 3960 722 784 3961 721 783 3962 284 785 3963 280 1423 3964 520 786 3965 680 789 3966 281 1397 3967 284 1424 3968 284 1424 3969 609 787 3970 680 789 3971 639 791 3972 299 1289 3973 723 790 3974 299 1289 3975 298 930 3976 724 1425 3977 723 790 3978 299 1289 3979 724 1425 3980 286 792 3981 296 572 3982 528 574 3983 296 794 3984 286 1426 3985 392 795 3986 286 1426 3987 285 1427 3988 392 795 3989 491 797 3990 650 933 3991 725 1428 3992 725 1428 3993 726 798 3994 491 797 3995 726 798 3996 640 663 3997 601 796 3998 391 801 3999 278 1286 4000 277 1429 4001 277 1429 4002 528 799 4003 391 801 4004 726 802 4005 725 1430 4006 727 803 4007 419 805 4008 545 587 4009 544 589 4010 492 808 4011 478 1312 4012 728 1431 4013 478 1312 4014 477 937 4015 728 1431 4016 492 808 4017 728 1431 4018 727 807 4019 729 811 4020 412 1409 4021 411 1432 4022 411 1432 4023 544 809 4024 729 811 4025 730 814 4026 415 1433 4027 417 1434 4028 417 1434 4029 542 812 4030 730 814 4031 417 815 4032 414 1435 4033 475 816 4034 415 817 4035 730 19 4036 731 818 4037 732 822 4038 376 1436 4039 375 1437 4040 375 1437 4041 510 820 4042 732 822 4043 439 824 4044 599 1349 4045 734 823 4046 599 1349 4047 603 951 4048 733 1438 4049 734 823 4050 599 1349 4051 733 1438 4052 384 825 4053 540 1326 4054 510 583 4055 659 827 4056 735 1439 4057 736 828 4058 653 830 4059 664 947 4060 736 831 4061 736 831 4062 735 1440 4063 515 829 4064 735 1440 4065 508 529 4066 515 829 4067 537 832 4068 378 1441 4069 737 833 4070 378 1441 4071 377 1436 4072 737 833 4073 575 834 4074 423 1442 4075 738 835 4076 423 1442 4077 422 1443 4078 738 835 4079 422 836 4080 407 1444 4081 699 837 4082 584 838 4083 631 689 4084 619 691 4085 323 839 4086 534 577 4087 434 579 4088 740 841 4089 734 784 4090 733 842 4091 740 846 4092 739 1445 4093 598 1364 4094 739 1445 4095 644 666 4096 598 1364 4097 598 1364 4098 597 844 4099 740 846 4100 531 847 4101 330 1446 4102 741 848 4103 330 1446 4104 446 1341 4105 741 848 4106 705 851 4107 704 1447 4108 608 1370 4109 704 1447 4110 654 674 4111 608 1370 4112 608 1370 4113 619 849 4114 705 851 4115 742 854 4116 371 1341 4117 370 1448 4118 370 1448 4119 570 852 4120 742 854 4121 371 855 4122 742 42 4123 662 856 4124 534 858 4125 323 1449 4126 743 859 4127 323 1449 4128 322 1450 4129 743 859 4130 744 862 4131 379 1420 4132 382 1451 4133 382 1451 4134 536 860 4135 744 862 4136 382 863 4137 378 1452 4138 537 580 4139 379 864 4140 744 19 4141 737 865 4142 309 867 4143 330 1453 4144 531 868 4145 322 869 4146 314 1454 4147 588 870 4148 383 871 4149 376 1455 4150 732 872 4151 540 873 4152 384 1456 4153 745 874 4154 384 1456 4155 383 1420 4156 745 874 4157 475 876 4158 414 1457 4159 731 875 4160 414 1457 4161 413 1458 4162 731 875 4163 746 877 4164 747 1459 4165 748 878 4166 750 881 4167 306 1460 4168 309 1461 4169 309 1461 4170 530 879 4171 750 881 4172 306 882 4173 750 19 4174 741 883 4175 517 885 4176 347 1462 4177 749 886 4178 347 1462 4179 746 1436 4180 749 886 4181 418 888 4182 412 1463 4183 729 889 4184 520 890 4185 280 1464 4186 681 891 4187 280 1464 4188 279 1465 4189 681 891 4190 639 670 4191 523 1369 4192 624 652 4193 498 510 4194 561 36 4195 427 38 4196 348 892 4197 347 1466 4198 517 893 4199 748 896 4200 747 1467 4201 348 1468 4202 348 1468 4203 516 894 4204 748 896 4205 697 755 4206 698 1413 4207 660 756 4208 270 897 4209 291 1469 4210 424 641 4211 556 600 4212 660 1374 4213 752 1470 4214 753 898 4215 295 363 4216 294 362 4217 556 600 4218 752 1470 4219 753 898 4220 425 451 4221 696 720 4222 754 899 4223 755 900 4224 698 725 4225 426 724 4226 425 451 4227 754 899 4228 426 724 4229 688 715 4230 697 1399 4231 756 1471 4232 757 901 4233 505 735 4234 689 734 4235 688 715 4236 756 1471 4237 757 901 4238 496 522 4239 506 729 4240 758 902 4241 759 903 4242 661 680 4243 497 679 4244 496 522 4245 758 902 4246 497 679 4247 626 656 4248 706 742 4249 760 1472 4250 761 904 4251 699 732 4252 627 731 4253 626 656 4254 760 1472 4255 761 904 4256 617 649 4257 738 835 4258 762 905 4259 763 906 4260 705 851 4261 618 850 4262 617 649 4263 762 905 4264 618 850 4265 654 674 4266 704 1447 4267 764 1473 4268 765 907 4269 702 754 4270 655 753 4271 654 674 4272 764 1473 4273 765 907 4274 582 614 4275 703 748 4276 766 908 4277 767 909 4278 707 1406 4279 583 910 4280 582 614 4281 766 908 4282 583 910 4283 485 514 4284 662 682 4285 768 911 4286 769 912 4287 708 751 4288 486 913 4289 485 514 4290 768 911 4291 486 913 4292 568 606 4293 711 758 4294 770 1474 4295 771 914 4296 742 854 4297 569 853 4298 568 606 4299 770 1474 4300 771 914 4301 340 386 4302 623 651 4303 772 915 4304 773 916 4305 712 1415 4306 341 917 4307 340 386 4308 772 915 4309 341 917 4310 562 603 4311 715 771 4312 774 1475 4313 775 918 4314 668 688 4315 563 687 4316 562 603 4317 774 1475 4318 775 918 4319 669 694 4320 717 770 4321 776 919 4322 777 920 4323 710 1414 4324 670 921 4325 669 694 4326 776 919 4327 670 921 4328 331 383 4329 709 1410 4330 778 1476 4331 779 922 4332 720 777 4333 332 776 4334 331 383 4335 778 1476 4336 779 922 4337 521 571 4338 681 891 4339 780 923 4340 781 924 4341 721 778 4342 522 925 4343 521 571 4344 780 923 4345 522 925 4346 634 660 4347 723 790 4348 782 1477 4349 783 926 4350 680 789 4351 635 788 4352 634 660 4353 782 1477 4354 783 926 4355 682 707 4356 722 779 4357 784 1478 4358 785 927 4359 391 801 4360 683 800 4361 682 707 4362 784 1478 4363 785 927 4364 297 366 4365 392 795 4366 786 928 4367 787 929 4368 724 1425 4369 298 930 4370 297 366 4371 786 928 4372 298 930 4373 649 669 4374 686 711 4375 788 931 4376 789 932 4377 725 1428 4378 650 933 4379 649 669 4380 788 931 4381 650 933 4382 578 611 4383 727 807 4384 790 1479 4385 791 934 4386 729 811 4387 579 810 4388 578 611 4389 790 1479 4390 791 934 4391 476 508 4392 731 875 4393 792 935 4394 793 936 4395 728 1431 4396 477 937 4397 476 508 4398 792 935 4399 477 937 4400 640 663 4401 726 798 4402 794 1480 4403 795 938 4404 730 814 4405 641 813 4406 640 663 4407 794 1480 4408 795 938 4409 508 529 4410 735 1440 4411 796 1481 4412 797 939 4413 732 822 4414 509 821 4415 508 529 4416 796 1481 4417 797 939 4418 611 640 4419 745 874 4420 798 940 4421 799 941 4422 659 677 4423 612 676 4424 611 640 4425 798 940 4426 612 676 4427 432 454 4428 734 823 4429 800 1482 4430 801 942 4431 588 617 4432 433 616 4433 432 454 4434 800 1482 4435 801 942 4436 692 718 4437 743 859 4438 802 943 4439 803 944 4440 740 846 4441 693 845 4442 692 718 4443 802 943 4444 693 845 4445 663 685 4446 737 833 4447 804 945 4448 805 946 4449 736 831 4450 664 947 4451 663 685 4452 804 945 4453 664 947 4454 589 620 4455 658 1373 4456 806 1483 4457 807 948 4458 744 862 4459 590 861 4460 589 620 4461 806 1483 4462 807 948 4463 602 632 4464 741 848 4465 808 949 4466 809 950 4467 733 1438 4468 603 951 4469 602 632 4470 808 949 4471 603 951 4472 644 666 4473 739 1445 4474 810 1484 4475 811 952 4476 750 881 4477 645 880 4478 644 666 4479 810 1484 4480 811 952 4481 676 701 4482 713 760 4483 812 1485 4484 813 953 4485 748 896 4486 677 895 4487 676 701 4488 812 1485 4489 813 953 4490 751 887 4491 749 886 4492 814 954 4493 815 955 4494 714 1419 4495 718 956 4496 751 887 4497 814 954 4498 718 956 4499 557 957 4500 431 1486 4501 430 958 4502 558 960 4503 430 1487 4504 429 961 4505 429 963 4506 428 1488 4507 560 964 4508 394 966 4509 346 1489 4510 345 967 4511 345 969 4512 344 1490 4513 565 970 4514 344 972 4515 343 1491 4516 566 973 4517 489 975 4518 488 1492 4519 572 976 4520 572 978 4521 488 1493 4522 487 979 4523 487 981 4524 47 1494 4525 46 982 4526 577 984 4527 576 1495 4528 622 985 4529 628 987 4530 622 1496 4531 621 988 4532 621 990 4533 620 1497 4534 630 991 4535 638 993 4536 637 1498 4537 525 994 4538 637 996 4539 636 1499 4540 526 997 4541 526 999 4542 636 1500 4543 610 1000 4544 604 1002 4545 648 1501 4546 647 1003 4547 605 1005 4548 647 1502 4549 646 1006 4550 646 1008 4551 533 1503 4552 532 1009 4553 665 1011 4554 593 1504 4555 592 1012 4556 666 1014 4557 592 1505 4558 591 1015 4559 591 1017 4560 539 1506 4561 538 1018 4562 479 1020 4563 600 1507 4564 643 1021 4565 643 1023 4566 642 1508 4567 481 1024 4568 642 1026 4569 543 1509 4570 482 1027 4571 529 1029 4572 303 1510 4573 302 1030 4574 302 1032 4575 301 1511 4576 685 1033 4577 685 1035 4578 301 1512 4579 300 1036 4580 499 1038 4581 674 1513 4582 691 1039 4583 691 1041 4584 690 1514 4585 501 1042 4586 690 1044 4587 549 1001 4588 502 1045 4589 435 1047 4590 535 1515 4591 695 1048 4592 695 1050 4593 694 1516 4594 437 1051 4595 694 1053 4596 687 1517 4597 438 1054 4598 633 1056 4599 632 1518 4600 679 1057 4601 816 1059 4602 679 1519 4603 678 1060 4604 678 1061 4605 519 1520 4606 518 1062 4607 511 1064 4608 541 1521 4609 616 1065 4610 512 1067 4611 616 1522 4612 615 1068 4613 615 1070 4614 614 1523 4615 514 1071 4616 671 1073 4617 337 1524 4618 336 1074 4619 336 1076 4620 335 1525 4621 673 1077 4622 673 1079 4623 335 1526 4624 334 1080 4625 547 1082 4626 546 1527 4627 652 1083 4628 580 1085 4629 652 1528 4630 651 1086 4631 651 1087 4632 494 1529 4633 493 1088 4634 585 1090 4635 607 1513 4636 657 1091 4637 657 1093 4638 656 1530 4639 587 1094 4640 656 1096 4641 555 1531 4642 554 1097 4643 660 1099 4644 698 1532 4645 755 1100 4646 755 1102 4647 754 1533 4648 753 1103 4649 754 1105 4650 696 1534 4651 295 1106 4652 661 1108 4653 759 1535 4654 756 1109 4655 756 1111 4656 759 1536 4657 758 1112 4658 757 1114 4659 758 1537 4660 506 1115 4661 706 1117 4662 705 1538 4663 763 1118 4664 763 1120 4665 762 1539 4666 761 1121 4667 761 1123 4668 762 1540 4669 738 1124 4670 707 1126 4671 767 1541 4672 764 1127 4673 764 1128 4674 767 1542 4675 766 1129 4676 766 1131 4677 703 1543 4678 702 1132 4679 711 1134 4680 708 1544 4681 769 1135 4682 769 1137 4683 768 1545 4684 771 1138 4685 771 1140 4686 768 1546 4687 662 1141 4688 715 1143 4689 712 1547 4690 773 1144 4691 774 1146 4692 773 1548 4693 772 1147 4694 775 1149 4695 772 1549 4696 623 1150 4697 710 1152 4698 777 1550 4699 778 1153 4700 778 1155 4701 777 1551 4702 776 1156 4703 776 1158 4704 717 1552 4705 720 1159 4706 721 1161 4707 781 1553 4708 782 1162 4709 781 1164 4710 780 1554 4711 783 1165 4712 783 1167 4713 780 1555 4714 681 1168 4715 722 1169 4716 724 1556 4717 787 1170 4718 784 1172 4719 787 1557 4720 786 1173 4721 786 1175 4722 392 1558 4723 391 1176 4724 727 1178 4725 725 1559 4726 789 1179 4727 790 1181 4728 789 1560 4729 788 1182 4730 788 1184 4731 686 1561 4732 729 1185 4733 728 1187 4734 793 1562 4735 794 1188 4736 793 1190 4737 792 1563 4738 795 1191 4739 792 1193 4740 731 1564 4741 730 1194 4742 735 1196 4743 659 1565 4744 799 1197 4745 796 1199 4746 799 1566 4747 798 1200 4748 797 1202 4749 798 1567 4750 745 1203 4751 734 1205 4752 740 1568 4753 803 1206 4754 800 1208 4755 803 1569 4756 802 1209 4757 802 1210 4758 743 1570 4759 588 1211 4760 736 1213 4761 805 1571 4762 806 1214 4763 805 1216 4764 804 1572 4765 807 1217 4766 804 1219 4767 737 1573 4768 744 1220 4769 733 1222 4770 809 1574 4771 810 1223 4772 809 1225 4773 808 1575 4774 811 1226 4775 811 1228 4776 808 1576 4777 741 1229 4778 714 1231 4779 815 1577 4780 812 1232 4781 815 1234 4782 814 1575 4783 813 1235 4784 814 1237 4785 749 1578 4786 748 1238 4787 518 1241 4788 517 885 4789 751 887 4790 751 887 4791 718 956 4792 816 1579 4793 718 956 4794 596 1418 4795 633 1580 4796 816 1579 4797 718 956 4798 633 1580 4799 816 1579 4800 817 1240 4801 751 887 4802 408 565 4803 421 564 4804 701 1242 4805 372 562 4806 387 561 4807 719 1244 4808 319 559 4809 326 558 4810 747 1246 4811 272 553 4812 289 552 4813 504 1248 4814 443 461 4815 351 460 4816 68 1250 4817 413 441 4818 409 545 4819 416 547 4820 377 413 4821 373 542 4822 380 544 4823 446 464 4824 315 534 4825 307 536 4826 279 353 4827 273 531 4828 282 533 4829 474 1254 4830 461 539 4831 463 548 4832 451 537 4833 450 470 4834 321 530 4835 321 530 4836 320 374 4837 466 526 4838 467 492 4839 464 490 4840 452 509 4841 474 504 4842 473 1310 4843 444 459 4844 316 502 4845 311 1308 4846 470 501 4847 469 494 4848 470 501 4849 458 496 4850 466 526 4851 320 374 4852 464 490 4853 460 486 4854 459 1307 4855 463 487 4856 455 480 4857 456 479 4858 459 1258 4859 288 358 4860 292 360 4861 454 477 4862 449 469 4863 445 468 4864 447 471 4865 268 348 4866 448 467 4867 447 466 4868 442 458 4869 349 457 4870 352 1259 4871 441 456 4872 701 1242 4873 269 448 4874 701 1242 4875 421 564 4876 269 448 4877 441 456 4878 269 448 4879 275 446 4880 411 438 4881 410 455 4882 420 445 4883 410 455 4884 386 418 4885 440 1260 4886 386 418 4887 390 420 4888 440 1260 4889 390 420 4890 408 565 4891 700 1243 4892 402 433 4893 405 436 4894 404 434 4895 397 428 4896 402 433 4897 401 431 4898 369 408 4899 397 428 4900 399 429 4901 396 427 4902 719 1244 4903 390 420 4904 719 1244 4905 387 561 4906 390 420 4907 396 427 4908 390 420 4909 386 418 4910 375 410 4911 374 426 4912 385 417 4913 374 426 4914 325 377 4915 395 1261 4916 325 377 4917 329 379 4918 395 1261 4919 329 379 4920 372 562 4921 716 1245 4922 366 405 4923 369 408 4924 368 406 4925 363 402 4926 366 405 4927 365 403 4928 360 399 4929 363 402 4930 362 400 4931 357 396 4932 360 399 4933 359 397 4934 350 388 4935 357 396 4936 356 394 4937 349 389 4938 350 388 4939 353 1262 4940 348 387 4941 747 1246 4942 329 379 4943 747 1246 4944 326 558 4945 329 379 4946 348 387 4947 329 379 4948 325 377 4949 313 372 4950 312 371 4951 324 376 4952 312 371 4953 311 370 4954 347 1264 4955 311 370 4956 316 1263 4957 347 1264 4958 316 1263 4959 319 559 4960 746 1247 4961 305 368 4962 504 1248 4963 292 360 4964 504 1248 4965 289 552 4966 292 360 4967 305 368 4968 292 360 4969 288 358 4970 277 350 4971 276 367 4972 287 357 4973 276 367 4974 275 446 4975 304 1265 4976 275 446 4977 269 448 4978 304 1265 4979 269 448 4980 272 553 4981 503 1249 4982 264 345 4983 268 348 4984 267 346 4985 265 566 4986 264 345 4987 263 343 4988 405 436 4989 265 566 4990 262 556 4991</p>
        </triangles>
      </mesh>
    </geometry>
  </library_geometries>
  <library_visual_scenes>
    <visual_scene id="Scene" name="Scene">
      <node id="Cube_001_Cube_002" name="Cube.001_Cube.002" type="NODE">
        <matrix sid="transform">1 0 0 -2.504842 0 4.88762e-7 1 0 0 -1 4.88762e-7 0.2936085 0 0 0 1</matrix>
        <instance_geometry url="#Cube_001_Cube_002-mesh" name="Cube.001_Cube.002">
          <bind_material>
            <technique_common>
              <instance_material symbol="Material_001-material" target="#Material_001-material">
                <bind_vertex_input semantic="UVMap" input_semantic="TEXCOORD" input_set="0"/>
              </instance_material>
            </technique_common>
          </bind_material>
        </instance_geometry>
      </node>
    </visual_scene>
  </library_visual_scenes>
  <scene>
    <instance_visual_scene url="#Scene"/>
  </scene>
</COLLADA>